,INTERCONNECTORID,DIRECTION,REGIONID,BIDTYPE,LOSSSEGMENT,MWBREAKPOINT,INDEX,MEANVALUE,UPPERBOUND,LHSCOEFFICIENTS,RHSCONSTANT,ROWINDEX,FROMREGIONLOSSSHARE,DISPATCHED
0,N-Q-MNSP1,REGIONFROM,NSW1,ENERGY,34,0,1952,0.0,0.0,-1.0530920000000001,9331.68,4417,0.52,0.0
1,N-Q-MNSP1,REGIONTO,QLD1,ENERGY,34,0,1952,0.0,0.0,0.950992,8870.36,4418,0.52,0.0
2,N-Q-MNSP1,REGIONFROM,NSW1,ENERGY,35,9,1953,4.5,9.0,-1.058024486,9331.68,4417,0.52,0.0
3,N-Q-MNSP1,REGIONTO,QLD1,ENERGY,35,9,1953,4.5,9.0,0.946438936,8870.36,4418,0.52,0.0
4,N-Q-MNSP1,REGIONFROM,NSW1,ENERGY,36,17,1954,13.0,8.0,-1.067341404,9331.68,4417,0.52,0.0
5,N-Q-MNSP1,REGIONTO,QLD1,ENERGY,36,17,1954,13.0,8.0,0.937838704,8870.36,4418,0.52,0.0
6,N-Q-MNSP1,REGIONFROM,NSW1,ENERGY,37,25,1955,21.0,8.0,-1.076110268,9331.68,4417,0.52,0.0
7,N-Q-MNSP1,REGIONTO,QLD1,ENERGY,37,25,1955,21.0,8.0,0.9297443679999999,8870.36,4418,0.52,0.0
8,N-Q-MNSP1,REGIONFROM,NSW1,ENERGY,38,33,1956,29.0,8.0,-1.084879132,9331.68,4417,0.52,0.0
9,N-Q-MNSP1,REGIONTO,QLD1,ENERGY,38,33,1956,29.0,8.0,0.921650032,8870.36,4418,0.52,0.0
10,N-Q-MNSP1,REGIONFROM,NSW1,ENERGY,39,41,1957,37.0,8.0,-1.093647996,9331.68,4417,0.52,0.0
11,N-Q-MNSP1,REGIONTO,QLD1,ENERGY,39,41,1957,37.0,8.0,0.913555696,8870.36,4418,0.52,0.0
12,N-Q-MNSP1,REGIONFROM,NSW1,ENERGY,40,49,1958,45.0,8.0,-1.10241686,9331.68,4417,0.52,0.0
13,N-Q-MNSP1,REGIONTO,QLD1,ENERGY,40,49,1958,45.0,8.0,0.90546136,8870.36,4418,0.52,0.0
14,N-Q-MNSP1,REGIONFROM,NSW1,ENERGY,41,57,1959,53.0,8.0,-1.111185724,9331.68,4417,0.52,0.0
15,N-Q-MNSP1,REGIONTO,QLD1,ENERGY,41,57,1959,53.0,8.0,0.897367024,8870.36,4418,0.52,0.0
16,N-Q-MNSP1,REGIONFROM,NSW1,ENERGY,42,65,1960,61.0,8.0,-1.119954588,9331.68,4417,0.52,0.0
17,N-Q-MNSP1,REGIONTO,QLD1,ENERGY,42,65,1960,61.0,8.0,0.889272688,8870.36,4418,0.52,0.0
18,N-Q-MNSP1,REGIONFROM,NSW1,ENERGY,43,73,1961,69.0,8.0,-1.128723452,9331.68,4417,0.52,0.0
19,N-Q-MNSP1,REGIONTO,QLD1,ENERGY,43,73,1961,69.0,8.0,0.881178352,8870.36,4418,0.52,0.0
20,N-Q-MNSP1,REGIONFROM,NSW1,ENERGY,44,81,1962,77.0,8.0,-1.1374923160000001,9331.68,4417,0.52,0.0
21,N-Q-MNSP1,REGIONTO,QLD1,ENERGY,44,81,1962,77.0,8.0,0.873084016,8870.36,4418,0.52,0.0
22,N-Q-MNSP1,REGIONFROM,NSW1,ENERGY,45,89,1963,85.0,8.0,-1.14626118,9331.68,4417,0.52,0.0
23,N-Q-MNSP1,REGIONTO,QLD1,ENERGY,45,89,1963,85.0,8.0,0.86498968,8870.36,4418,0.52,0.0
24,N-Q-MNSP1,REGIONFROM,NSW1,ENERGY,46,97,1964,93.0,8.0,-1.155030044,9331.68,4417,0.52,0.0
25,N-Q-MNSP1,REGIONTO,QLD1,ENERGY,46,97,1964,93.0,8.0,0.856895344,8870.36,4418,0.52,0.0
26,N-Q-MNSP1,REGIONFROM,NSW1,ENERGY,47,105,1965,101.0,8.0,-1.163798908,9331.68,4417,0.52,0.0
27,N-Q-MNSP1,REGIONTO,QLD1,ENERGY,47,105,1965,101.0,8.0,0.8488010079999999,8870.36,4418,0.52,0.0
28,N-Q-MNSP1,REGIONFROM,NSW1,ENERGY,48,113,1966,109.0,8.0,-1.172567772,9331.68,4417,0.52,0.0
29,N-Q-MNSP1,REGIONTO,QLD1,ENERGY,48,113,1966,109.0,8.0,0.840706672,8870.36,4418,0.52,0.0
30,N-Q-MNSP1,REGIONFROM,NSW1,ENERGY,49,121,1967,117.0,8.0,-1.181336636,9331.68,4417,0.52,0.0
31,N-Q-MNSP1,REGIONTO,QLD1,ENERGY,49,121,1967,117.0,8.0,0.832612336,8870.36,4418,0.52,0.0
32,N-Q-MNSP1,REGIONFROM,NSW1,ENERGY,50,129,1968,125.0,8.0,-1.1901055,9331.68,4417,0.52,0.0
33,N-Q-MNSP1,REGIONTO,QLD1,ENERGY,50,129,1968,125.0,8.0,0.8245179999999999,8870.36,4418,0.52,0.0
34,N-Q-MNSP1,REGIONFROM,NSW1,ENERGY,51,137,1969,133.0,8.0,-1.1988743640000001,9331.68,4417,0.52,0.0
35,N-Q-MNSP1,REGIONTO,QLD1,ENERGY,51,137,1969,133.0,8.0,0.816423664,8870.36,4418,0.52,0.0
36,N-Q-MNSP1,REGIONFROM,NSW1,ENERGY,52,145,1970,141.0,8.0,-1.207643228,9331.68,4417,0.52,0.0
37,N-Q-MNSP1,REGIONTO,QLD1,ENERGY,52,145,1970,141.0,8.0,0.8083293279999999,8870.36,4418,0.52,0.0
38,N-Q-MNSP1,REGIONFROM,NSW1,ENERGY,53,153,1971,149.0,8.0,-1.2164120920000001,9331.68,4417,0.52,0.0
39,N-Q-MNSP1,REGIONTO,QLD1,ENERGY,53,153,1971,149.0,8.0,0.800234992,8870.36,4418,0.52,0.0
40,N-Q-MNSP1,REGIONFROM,NSW1,ENERGY,54,161,1972,157.0,8.0,-1.225180956,9331.68,4417,0.52,0.0
41,N-Q-MNSP1,REGIONTO,QLD1,ENERGY,54,161,1972,157.0,8.0,0.7921406559999999,8870.36,4418,0.52,0.0
42,N-Q-MNSP1,REGIONFROM,NSW1,ENERGY,55,169,1973,165.0,8.0,-1.23394982,9331.68,4417,0.52,0.0
43,N-Q-MNSP1,REGIONTO,QLD1,ENERGY,55,169,1973,165.0,8.0,0.78404632,8870.36,4418,0.52,0.0
44,N-Q-MNSP1,REGIONFROM,NSW1,ENERGY,56,177,1974,173.0,8.0,-1.242718684,9331.68,4417,0.52,0.0
45,N-Q-MNSP1,REGIONTO,QLD1,ENERGY,56,177,1974,173.0,8.0,0.775951984,8870.36,4418,0.52,0.0
46,N-Q-MNSP1,REGIONFROM,NSW1,ENERGY,57,185,1975,181.0,8.0,-1.251487548,9331.68,4417,0.52,0.0
47,N-Q-MNSP1,REGIONTO,QLD1,ENERGY,57,185,1975,181.0,8.0,0.767857648,8870.36,4418,0.52,0.0
48,N-Q-MNSP1,REGIONFROM,NSW1,ENERGY,58,193,1976,189.0,8.0,-1.260256412,9331.68,4417,0.52,0.0
49,N-Q-MNSP1,REGIONTO,QLD1,ENERGY,58,193,1976,189.0,8.0,0.759763312,8870.36,4418,0.52,0.0
50,N-Q-MNSP1,REGIONFROM,NSW1,ENERGY,59,201,1977,197.0,8.0,-1.269025276,9331.68,4417,0.52,0.0
51,N-Q-MNSP1,REGIONTO,QLD1,ENERGY,59,201,1977,197.0,8.0,0.7516689759999999,8870.36,4418,0.52,0.0
52,N-Q-MNSP1,REGIONFROM,NSW1,ENERGY,60,209,1978,205.0,8.0,-1.2777941400000001,9331.68,4417,0.52,0.0
53,N-Q-MNSP1,REGIONTO,QLD1,ENERGY,60,209,1978,205.0,8.0,0.74357464,8870.36,4418,0.52,0.0
54,N-Q-MNSP1,REGIONFROM,NSW1,ENERGY,61,217,1979,213.0,8.0,-1.286563004,9331.68,4417,0.52,0.0
55,N-Q-MNSP1,REGIONTO,QLD1,ENERGY,61,217,1979,213.0,8.0,0.735480304,8870.36,4418,0.52,0.0
56,N-Q-MNSP1,REGIONFROM,NSW1,ENERGY,62,225,1980,221.0,8.0,-1.2953318679999999,9331.68,4417,0.52,0.0
57,N-Q-MNSP1,REGIONTO,QLD1,ENERGY,62,225,1980,221.0,8.0,0.727385968,8870.36,4418,0.52,0.0
58,N-Q-MNSP1,REGIONFROM,NSW1,ENERGY,63,233,1981,229.0,8.0,-1.304100732,9331.68,4417,0.52,0.0
59,N-Q-MNSP1,REGIONTO,QLD1,ENERGY,63,233,1981,229.0,8.0,0.719291632,8870.36,4418,0.52,0.0
60,N-Q-MNSP1,REGIONFROM,NSW1,ENERGY,64,241,1982,237.0,8.0,-1.312869596,9331.68,4417,0.52,0.0
61,N-Q-MNSP1,REGIONTO,QLD1,ENERGY,64,241,1982,237.0,8.0,0.7111972959999999,8870.36,4418,0.52,0.0
62,N-Q-MNSP1,REGIONFROM,NSW1,ENERGY,65,249,1983,245.0,8.0,-1.32163846,9331.68,4417,0.52,0.0
63,N-Q-MNSP1,REGIONTO,QLD1,ENERGY,65,249,1983,245.0,8.0,0.7031029599999999,8870.36,4418,0.52,0.0
64,N-Q-MNSP1,REGIONFROM,NSW1,ENERGY,66,257,1984,253.0,8.0,-1.330407324,9331.68,4417,0.52,0.0
65,N-Q-MNSP1,REGIONTO,QLD1,ENERGY,66,257,1984,253.0,8.0,0.695008624,8870.36,4418,0.52,0.0
66,N-Q-MNSP1,REGIONFROM,NSW1,ENERGY,67,265,1985,261.0,8.0,-1.3391761880000002,9331.68,4417,0.52,0.0
67,N-Q-MNSP1,REGIONTO,QLD1,ENERGY,67,265,1985,261.0,8.0,0.686914288,8870.36,4418,0.52,0.0
68,N-Q-MNSP1,REGIONFROM,QLD1,ENERGY,1,-265,1986,-261.0,8.0,-1.2329921879999999,8870.36,4418,0.52,0.0
69,N-Q-MNSP1,REGIONTO,NSW1,ENERGY,1,-265,1986,-261.0,8.0,0.7849302880000001,9331.68,4417,0.52,0.0
70,N-Q-MNSP1,REGIONFROM,QLD1,ENERGY,2,-257,1987,-253.0,8.0,-1.224223324,8870.36,4418,0.52,0.0
71,N-Q-MNSP1,REGIONTO,NSW1,ENERGY,2,-257,1987,-253.0,8.0,0.7930246240000001,9331.68,4417,0.52,0.0
72,N-Q-MNSP1,REGIONFROM,QLD1,ENERGY,3,-249,1988,-245.0,8.0,-1.21545446,8870.36,4418,0.52,0.0
73,N-Q-MNSP1,REGIONTO,NSW1,ENERGY,3,-249,1988,-245.0,8.0,0.80111896,9331.68,4417,0.52,0.0
74,N-Q-MNSP1,REGIONFROM,QLD1,ENERGY,4,-241,1989,-237.0,8.0,-1.206685596,8870.36,4418,0.52,0.0
75,N-Q-MNSP1,REGIONTO,NSW1,ENERGY,4,-241,1989,-237.0,8.0,0.809213296,9331.68,4417,0.52,0.0
76,N-Q-MNSP1,REGIONFROM,QLD1,ENERGY,5,-233,1990,-229.0,8.0,-1.197916732,8870.36,4418,0.52,0.0
77,N-Q-MNSP1,REGIONTO,NSW1,ENERGY,5,-233,1990,-229.0,8.0,0.8173076320000001,9331.68,4417,0.52,0.0
78,N-Q-MNSP1,REGIONFROM,QLD1,ENERGY,6,-225,1991,-221.0,8.0,-1.1891478679999998,8870.36,4418,0.52,0.0
79,N-Q-MNSP1,REGIONTO,NSW1,ENERGY,6,-225,1991,-221.0,8.0,0.8254019680000001,9331.68,4417,0.52,0.0
80,N-Q-MNSP1,REGIONFROM,QLD1,ENERGY,7,-217,1992,-213.0,8.0,-1.180379004,8870.36,4418,0.52,0.0
81,N-Q-MNSP1,REGIONTO,NSW1,ENERGY,7,-217,1992,-213.0,8.0,0.8334963040000001,9331.68,4417,0.52,0.0
82,N-Q-MNSP1,REGIONFROM,QLD1,ENERGY,8,-209,1993,-205.0,8.0,-1.1716101399999999,8870.36,4418,0.52,0.0
83,N-Q-MNSP1,REGIONTO,NSW1,ENERGY,8,-209,1993,-205.0,8.0,0.8415906400000001,9331.68,4417,0.52,0.0
84,N-Q-MNSP1,REGIONFROM,QLD1,ENERGY,9,-201,1994,-197.0,8.0,-1.162841276,8870.36,4418,0.52,0.0
85,N-Q-MNSP1,REGIONTO,NSW1,ENERGY,9,-201,1994,-197.0,8.0,0.849684976,9331.68,4417,0.52,0.0
86,N-Q-MNSP1,REGIONFROM,QLD1,ENERGY,10,-193,1995,-189.0,8.0,-1.1540724119999999,8870.36,4418,0.52,0.0
87,N-Q-MNSP1,REGIONTO,NSW1,ENERGY,10,-193,1995,-189.0,8.0,0.8577793120000001,9331.68,4417,0.52,0.0
88,N-Q-MNSP1,REGIONFROM,QLD1,ENERGY,11,-185,1996,-181.0,8.0,-1.145303548,8870.36,4418,0.52,0.0
89,N-Q-MNSP1,REGIONTO,NSW1,ENERGY,11,-185,1996,-181.0,8.0,0.865873648,9331.68,4417,0.52,0.0
90,N-Q-MNSP1,REGIONFROM,QLD1,ENERGY,12,-177,1997,-173.0,8.0,-1.136534684,8870.36,4418,0.52,0.0
91,N-Q-MNSP1,REGIONTO,NSW1,ENERGY,12,-177,1997,-173.0,8.0,0.8739679840000001,9331.68,4417,0.52,0.0
92,N-Q-MNSP1,REGIONFROM,QLD1,ENERGY,13,-169,1998,-165.0,8.0,-1.12776582,8870.36,4418,0.52,0.0
93,N-Q-MNSP1,REGIONTO,NSW1,ENERGY,13,-169,1998,-165.0,8.0,0.8820623200000001,9331.68,4417,0.52,0.0
94,N-Q-MNSP1,REGIONFROM,QLD1,ENERGY,14,-161,1999,-157.0,8.0,-1.118996956,8870.36,4418,0.52,0.0
95,N-Q-MNSP1,REGIONTO,NSW1,ENERGY,14,-161,1999,-157.0,8.0,0.890156656,9331.68,4417,0.52,0.0
96,N-Q-MNSP1,REGIONFROM,QLD1,ENERGY,15,-153,2000,-149.0,8.0,-1.110228092,8870.36,4418,0.52,0.0
97,N-Q-MNSP1,REGIONTO,NSW1,ENERGY,15,-153,2000,-149.0,8.0,0.898250992,9331.68,4417,0.52,0.0
98,N-Q-MNSP1,REGIONFROM,QLD1,ENERGY,16,-145,2001,-141.0,8.0,-1.101459228,8870.36,4418,0.52,0.0
99,N-Q-MNSP1,REGIONTO,NSW1,ENERGY,16,-145,2001,-141.0,8.0,0.906345328,9331.68,4417,0.52,0.0
100,N-Q-MNSP1,REGIONFROM,QLD1,ENERGY,17,-137,2002,-133.0,8.0,-1.0926903639999999,8870.36,4418,0.52,0.0
101,N-Q-MNSP1,REGIONTO,NSW1,ENERGY,17,-137,2002,-133.0,8.0,0.9144396640000001,9331.68,4417,0.52,0.0
102,N-Q-MNSP1,REGIONFROM,QLD1,ENERGY,18,-129,2003,-125.0,8.0,-1.0839215,8870.36,4418,0.52,0.0
103,N-Q-MNSP1,REGIONTO,NSW1,ENERGY,18,-129,2003,-125.0,8.0,0.9225340000000001,9331.68,4417,0.52,0.0
104,N-Q-MNSP1,REGIONFROM,QLD1,ENERGY,19,-121,2004,-117.0,8.0,-1.0751526359999999,8870.36,4418,0.52,0.0
105,N-Q-MNSP1,REGIONTO,NSW1,ENERGY,19,-121,2004,-117.0,8.0,0.9306283360000001,9331.68,4417,0.52,0.0
106,N-Q-MNSP1,REGIONFROM,QLD1,ENERGY,20,-113,2005,-109.0,8.0,-1.066383772,8870.36,4418,0.52,1.7
107,N-Q-MNSP1,REGIONTO,NSW1,ENERGY,20,-113,2005,-109.0,8.0,0.938722672,9331.68,4417,0.52,1.7
108,N-Q-MNSP1,REGIONFROM,QLD1,ENERGY,21,-105,2006,-101.0,8.0,-1.057614908,8870.36,4418,0.52,8.0
109,N-Q-MNSP1,REGIONTO,NSW1,ENERGY,21,-105,2006,-101.0,8.0,0.946817008,9331.68,4417,0.52,8.0
110,N-Q-MNSP1,REGIONFROM,QLD1,ENERGY,22,-97,2007,-93.0,8.0,-1.048846044,8870.36,4418,0.52,8.0
111,N-Q-MNSP1,REGIONTO,NSW1,ENERGY,22,-97,2007,-93.0,8.0,0.954911344,9331.68,4417,0.52,8.0
112,N-Q-MNSP1,REGIONFROM,QLD1,ENERGY,23,-89,2008,-85.0,8.0,-1.04007718,8870.36,4418,0.52,8.0
113,N-Q-MNSP1,REGIONTO,NSW1,ENERGY,23,-89,2008,-85.0,8.0,0.96300568,9331.68,4417,0.52,8.0
114,N-Q-MNSP1,REGIONFROM,QLD1,ENERGY,24,-81,2009,-77.0,8.0,-1.0313083159999998,8870.36,4418,0.52,8.0
115,N-Q-MNSP1,REGIONTO,NSW1,ENERGY,24,-81,2009,-77.0,8.0,0.9711000160000001,9331.68,4417,0.52,8.0
116,N-Q-MNSP1,REGIONFROM,QLD1,ENERGY,25,-73,2010,-69.0,8.0,-1.022539452,8870.36,4418,0.52,8.0
117,N-Q-MNSP1,REGIONTO,NSW1,ENERGY,25,-73,2010,-69.0,8.0,0.979194352,9331.68,4417,0.52,8.0
118,N-Q-MNSP1,REGIONFROM,QLD1,ENERGY,26,-65,2011,-61.0,8.0,-1.0137705879999999,8870.36,4418,0.52,8.0
119,N-Q-MNSP1,REGIONTO,NSW1,ENERGY,26,-65,2011,-61.0,8.0,0.987288688,9331.68,4417,0.52,8.0
120,N-Q-MNSP1,REGIONFROM,QLD1,ENERGY,27,-57,2012,-53.0,8.0,-1.005001724,8870.36,4418,0.52,8.0
121,N-Q-MNSP1,REGIONTO,NSW1,ENERGY,27,-57,2012,-53.0,8.0,0.9953830240000001,9331.68,4417,0.52,8.0
122,N-Q-MNSP1,REGIONFROM,QLD1,ENERGY,28,-49,2013,-45.0,8.0,-0.99623286,8870.36,4418,0.52,8.0
123,N-Q-MNSP1,REGIONTO,NSW1,ENERGY,28,-49,2013,-45.0,8.0,1.00347736,9331.68,4417,0.52,8.0
124,N-Q-MNSP1,REGIONFROM,QLD1,ENERGY,29,-41,2014,-37.0,8.0,-0.987463996,8870.36,4418,0.52,8.0
125,N-Q-MNSP1,REGIONTO,NSW1,ENERGY,29,-41,2014,-37.0,8.0,1.011571696,9331.68,4417,0.52,8.0
126,N-Q-MNSP1,REGIONFROM,QLD1,ENERGY,30,-33,2015,-29.0,8.0,-0.978695132,8870.36,4418,0.52,8.0
127,N-Q-MNSP1,REGIONTO,NSW1,ENERGY,30,-33,2015,-29.0,8.0,1.019666032,9331.68,4417,0.52,8.0
128,N-Q-MNSP1,REGIONFROM,QLD1,ENERGY,31,-25,2016,-21.0,8.0,-0.969926268,8870.36,4418,0.52,8.0
129,N-Q-MNSP1,REGIONTO,NSW1,ENERGY,31,-25,2016,-21.0,8.0,1.027760368,9331.68,4417,0.52,8.0
130,N-Q-MNSP1,REGIONFROM,QLD1,ENERGY,32,-17,2017,-13.0,8.0,-0.9611574039999999,8870.36,4418,0.52,8.0
131,N-Q-MNSP1,REGIONTO,NSW1,ENERGY,32,-17,2017,-13.0,8.0,1.0358547040000001,9331.68,4417,0.52,8.0
132,N-Q-MNSP1,REGIONFROM,QLD1,ENERGY,33,-9,2018,-4.5,9.0,-0.9518404859999999,8870.36,4418,0.52,9.0
133,N-Q-MNSP1,REGIONTO,NSW1,ENERGY,33,-9,2018,-4.5,9.0,1.0444549360000002,9331.68,4417,0.52,9.0
134,NSW1-QLD1,REGIONFROM,NSW1,ENERGY,50,6,2019,3.0,6.0,-1.040405504584,9331.68,4417,0.5,6.0
135,NSW1-QLD1,REGIONTO,QLD1,ENERGY,50,6,2019,3.0,6.0,0.9595944954160001,8870.36,4418,0.5,6.0
136,NSW1-QLD1,REGIONFROM,NSW1,ENERGY,51,40,2020,23.0,34.0,-1.042419304584,9331.68,4417,0.5,34.0
137,NSW1-QLD1,REGIONTO,QLD1,ENERGY,51,40,2020,23.0,34.0,0.957580695416,8870.36,4418,0.5,34.0
138,NSW1-QLD1,REGIONFROM,NSW1,ENERGY,52,74,2021,57.0,34.0,-1.045842764584,9331.68,4417,0.5,34.0
139,NSW1-QLD1,REGIONTO,QLD1,ENERGY,52,74,2021,57.0,34.0,0.954157235416,8870.36,4418,0.5,34.0
140,NSW1-QLD1,REGIONFROM,NSW1,ENERGY,53,108,2022,91.0,34.0,-1.049266224584,9331.68,4417,0.5,34.0
141,NSW1-QLD1,REGIONTO,QLD1,ENERGY,53,108,2022,91.0,34.0,0.950733775416,8870.36,4418,0.5,34.0
142,NSW1-QLD1,REGIONFROM,NSW1,ENERGY,54,142,2023,125.0,34.0,-1.0526896845840001,9331.68,4417,0.5,34.0
143,NSW1-QLD1,REGIONTO,QLD1,ENERGY,54,142,2023,125.0,34.0,0.947310315416,8870.36,4418,0.5,34.0
144,NSW1-QLD1,REGIONFROM,NSW1,ENERGY,55,176,2024,159.0,34.0,-1.056113144584,9331.68,4417,0.5,34.0
145,NSW1-QLD1,REGIONTO,QLD1,ENERGY,55,176,2024,159.0,34.0,0.943886855416,8870.36,4418,0.5,34.0
146,NSW1-QLD1,REGIONFROM,NSW1,ENERGY,56,210,2025,193.0,34.0,-1.059536604584,9331.68,4417,0.5,32.37975
147,NSW1-QLD1,REGIONTO,QLD1,ENERGY,56,210,2025,193.0,34.0,0.940463395416,8870.36,4418,0.5,32.37975
148,NSW1-QLD1,REGIONFROM,NSW1,ENERGY,57,244,2026,227.0,34.0,-1.062960064584,9331.68,4417,0.5,0.0
149,NSW1-QLD1,REGIONTO,QLD1,ENERGY,57,244,2026,227.0,34.0,0.937039935416,8870.36,4418,0.5,0.0
150,NSW1-QLD1,REGIONFROM,NSW1,ENERGY,58,278,2027,261.0,34.0,-1.0663835245839999,9331.68,4417,0.5,0.0
151,NSW1-QLD1,REGIONTO,QLD1,ENERGY,58,278,2027,261.0,34.0,0.933616475416,8870.36,4418,0.5,0.0
152,NSW1-QLD1,REGIONFROM,NSW1,ENERGY,59,312,2028,295.0,34.0,-1.0698069845840001,9331.68,4417,0.5,0.0
153,NSW1-QLD1,REGIONTO,QLD1,ENERGY,59,312,2028,295.0,34.0,0.9301930154159999,8870.36,4418,0.5,0.0
154,NSW1-QLD1,REGIONFROM,NSW1,ENERGY,60,346,2029,329.0,34.0,-1.073230444584,9331.68,4417,0.5,0.0
155,NSW1-QLD1,REGIONTO,QLD1,ENERGY,60,346,2029,329.0,34.0,0.926769555416,8870.36,4418,0.5,0.0
156,NSW1-QLD1,REGIONFROM,NSW1,ENERGY,61,380,2030,363.0,34.0,-1.076653904584,9331.68,4417,0.5,0.0
157,NSW1-QLD1,REGIONTO,QLD1,ENERGY,61,380,2030,363.0,34.0,0.923346095416,8870.36,4418,0.5,0.0
158,NSW1-QLD1,REGIONFROM,NSW1,ENERGY,62,414,2031,397.0,34.0,-1.080077364584,9331.68,4417,0.5,0.0
159,NSW1-QLD1,REGIONTO,QLD1,ENERGY,62,414,2031,397.0,34.0,0.919922635416,8870.36,4418,0.5,0.0
160,NSW1-QLD1,REGIONFROM,NSW1,ENERGY,63,448,2032,431.0,34.0,-1.083500824584,9331.68,4417,0.5,0.0
161,NSW1-QLD1,REGIONTO,QLD1,ENERGY,63,448,2032,431.0,34.0,0.9164991754159999,8870.36,4418,0.5,0.0
162,NSW1-QLD1,REGIONFROM,NSW1,ENERGY,64,482,2033,465.0,34.0,-1.0869242845840001,9331.68,4417,0.5,0.0
163,NSW1-QLD1,REGIONTO,QLD1,ENERGY,64,482,2033,465.0,34.0,0.9130757154159999,8870.36,4418,0.5,0.0
164,NSW1-QLD1,REGIONFROM,NSW1,ENERGY,65,516,2034,499.0,34.0,-1.090347744584,9331.68,4417,0.5,0.0
165,NSW1-QLD1,REGIONTO,QLD1,ENERGY,65,516,2034,499.0,34.0,0.909652255416,8870.36,4418,0.5,0.0
166,NSW1-QLD1,REGIONFROM,NSW1,ENERGY,66,550,2035,533.0,34.0,-1.093771204584,9331.68,4417,0.5,0.0
167,NSW1-QLD1,REGIONTO,QLD1,ENERGY,66,550,2035,533.0,34.0,0.906228795416,8870.36,4418,0.5,0.0
168,NSW1-QLD1,REGIONFROM,NSW1,ENERGY,67,584,2036,567.0,34.0,-1.097194664584,9331.68,4417,0.5,0.0
169,NSW1-QLD1,REGIONTO,QLD1,ENERGY,67,584,2036,567.0,34.0,0.9028053354159999,8870.36,4418,0.5,0.0
170,NSW1-QLD1,REGIONFROM,NSW1,ENERGY,68,618,2037,601.0,34.0,-1.100618124584,9331.68,4417,0.5,0.0
171,NSW1-QLD1,REGIONTO,QLD1,ENERGY,68,618,2037,601.0,34.0,0.8993818754159999,8870.36,4418,0.5,0.0
172,NSW1-QLD1,REGIONFROM,NSW1,ENERGY,69,652,2038,635.0,34.0,-1.1040415845840001,9331.68,4417,0.5,0.0
173,NSW1-QLD1,REGIONTO,QLD1,ENERGY,69,652,2038,635.0,34.0,0.8959584154159999,8870.36,4418,0.5,0.0
174,NSW1-QLD1,REGIONFROM,NSW1,ENERGY,70,686,2039,669.0,34.0,-1.107465044584,9331.68,4417,0.5,0.0
175,NSW1-QLD1,REGIONTO,QLD1,ENERGY,70,686,2039,669.0,34.0,0.892534955416,8870.36,4418,0.5,0.0
176,NSW1-QLD1,REGIONFROM,NSW1,ENERGY,71,720,2040,703.0,34.0,-1.110888504584,9331.68,4417,0.5,0.0
177,NSW1-QLD1,REGIONTO,QLD1,ENERGY,71,720,2040,703.0,34.0,0.889111495416,8870.36,4418,0.5,0.0
178,NSW1-QLD1,REGIONFROM,NSW1,ENERGY,72,754,2041,737.0,34.0,-1.114311964584,9331.68,4417,0.5,0.0
179,NSW1-QLD1,REGIONTO,QLD1,ENERGY,72,754,2041,737.0,34.0,0.8856880354159999,8870.36,4418,0.5,0.0
180,NSW1-QLD1,REGIONFROM,NSW1,ENERGY,73,788,2042,771.0,34.0,-1.117735424584,9331.68,4417,0.5,0.0
181,NSW1-QLD1,REGIONTO,QLD1,ENERGY,73,788,2042,771.0,34.0,0.8822645754159999,8870.36,4418,0.5,0.0
182,NSW1-QLD1,REGIONFROM,NSW1,ENERGY,74,822,2043,805.0,34.0,-1.1211588845840001,9331.68,4417,0.5,0.0
183,NSW1-QLD1,REGIONTO,QLD1,ENERGY,74,822,2043,805.0,34.0,0.8788411154159999,8870.36,4418,0.5,0.0
184,NSW1-QLD1,REGIONFROM,NSW1,ENERGY,75,856,2044,839.0,34.0,-1.124582344584,9331.68,4417,0.5,0.0
185,NSW1-QLD1,REGIONTO,QLD1,ENERGY,75,856,2044,839.0,34.0,0.875417655416,8870.36,4418,0.5,0.0
186,NSW1-QLD1,REGIONFROM,NSW1,ENERGY,76,890,2045,873.0,34.0,-1.128005804584,9331.68,4417,0.5,0.0
187,NSW1-QLD1,REGIONTO,QLD1,ENERGY,76,890,2045,873.0,34.0,0.871994195416,8870.36,4418,0.5,0.0
188,NSW1-QLD1,REGIONFROM,NSW1,ENERGY,77,924,2046,907.0,34.0,-1.131429264584,9331.68,4417,0.5,0.0
189,NSW1-QLD1,REGIONTO,QLD1,ENERGY,77,924,2046,907.0,34.0,0.8685707354159999,8870.36,4418,0.5,0.0
190,NSW1-QLD1,REGIONFROM,NSW1,ENERGY,78,958,2047,941.0,34.0,-1.134852724584,9331.68,4417,0.5,0.0
191,NSW1-QLD1,REGIONTO,QLD1,ENERGY,78,958,2047,941.0,34.0,0.8651472754159999,8870.36,4418,0.5,0.0
192,NSW1-QLD1,REGIONFROM,NSW1,ENERGY,79,992,2048,975.0,34.0,-1.1382761845840002,9331.68,4417,0.5,0.0
193,NSW1-QLD1,REGIONTO,QLD1,ENERGY,79,992,2048,975.0,34.0,0.8617238154159998,8870.36,4418,0.5,0.0
194,NSW1-QLD1,REGIONFROM,NSW1,ENERGY,80,1026,2049,1009.0,34.0,-1.141699644584,9331.68,4417,0.5,0.0
195,NSW1-QLD1,REGIONTO,QLD1,ENERGY,80,1026,2049,1009.0,34.0,0.858300355416,8870.36,4418,0.5,0.0
196,NSW1-QLD1,REGIONFROM,NSW1,ENERGY,81,1060,2050,1043.0,34.0,-1.145123104584,9331.68,4417,0.5,0.0
197,NSW1-QLD1,REGIONTO,QLD1,ENERGY,81,1060,2050,1043.0,34.0,0.854876895416,8870.36,4418,0.5,0.0
198,NSW1-QLD1,REGIONFROM,NSW1,ENERGY,82,1094,2051,1077.0,34.0,-1.148546564584,9331.68,4417,0.5,0.0
199,NSW1-QLD1,REGIONTO,QLD1,ENERGY,82,1094,2051,1077.0,34.0,0.8514534354159999,8870.36,4418,0.5,0.0
200,NSW1-QLD1,REGIONFROM,NSW1,ENERGY,83,1128,2052,1111.0,34.0,-1.151970024584,9331.68,4417,0.5,0.0
201,NSW1-QLD1,REGIONTO,QLD1,ENERGY,83,1128,2052,1111.0,34.0,0.8480299754159999,8870.36,4418,0.5,0.0
202,NSW1-QLD1,REGIONFROM,NSW1,ENERGY,84,1162,2053,1145.0,34.0,-1.1553934845840002,9331.68,4417,0.5,0.0
203,NSW1-QLD1,REGIONTO,QLD1,ENERGY,84,1162,2053,1145.0,34.0,0.8446065154159998,8870.36,4418,0.5,0.0
204,NSW1-QLD1,REGIONFROM,NSW1,ENERGY,85,1196,2054,1179.0,34.0,-1.158816944584,9331.68,4417,0.5,0.0
205,NSW1-QLD1,REGIONTO,QLD1,ENERGY,85,1196,2054,1179.0,34.0,0.841183055416,8870.36,4418,0.5,0.0
206,NSW1-QLD1,REGIONFROM,NSW1,ENERGY,86,1230,2055,1213.0,34.0,-1.162240404584,9331.68,4417,0.5,0.0
207,NSW1-QLD1,REGIONTO,QLD1,ENERGY,86,1230,2055,1213.0,34.0,0.837759595416,8870.36,4418,0.5,0.0
208,NSW1-QLD1,REGIONFROM,QLD1,ENERGY,1,-1660,2056,-1643.0,34.0,-1.125330235416,8870.36,4418,0.5,0.0
209,NSW1-QLD1,REGIONTO,NSW1,ENERGY,1,-1660,2056,-1643.0,34.0,0.874669764584,9331.68,4417,0.5,0.0
210,NSW1-QLD1,REGIONFROM,QLD1,ENERGY,2,-1626,2057,-1609.0,34.0,-1.121906775416,8870.36,4418,0.5,0.0
211,NSW1-QLD1,REGIONTO,NSW1,ENERGY,2,-1626,2057,-1609.0,34.0,0.8780932245840001,9331.68,4417,0.5,0.0
212,NSW1-QLD1,REGIONFROM,QLD1,ENERGY,3,-1592,2058,-1575.0,34.0,-1.1184833154159999,8870.36,4418,0.5,0.0
213,NSW1-QLD1,REGIONTO,NSW1,ENERGY,3,-1592,2058,-1575.0,34.0,0.881516684584,9331.68,4417,0.5,0.0
214,NSW1-QLD1,REGIONFROM,QLD1,ENERGY,4,-1558,2059,-1541.0,34.0,-1.115059855416,8870.36,4418,0.5,0.0
215,NSW1-QLD1,REGIONTO,NSW1,ENERGY,4,-1558,2059,-1541.0,34.0,0.8849401445839999,9331.68,4417,0.5,0.0
216,NSW1-QLD1,REGIONFROM,QLD1,ENERGY,5,-1524,2060,-1507.0,34.0,-1.111636395416,8870.36,4418,0.5,0.0
217,NSW1-QLD1,REGIONTO,NSW1,ENERGY,5,-1524,2060,-1507.0,34.0,0.888363604584,9331.68,4417,0.5,0.0
218,NSW1-QLD1,REGIONFROM,QLD1,ENERGY,6,-1490,2061,-1473.0,34.0,-1.108212935416,8870.36,4418,0.5,0.0
219,NSW1-QLD1,REGIONTO,NSW1,ENERGY,6,-1490,2061,-1473.0,34.0,0.891787064584,9331.68,4417,0.5,0.0
220,NSW1-QLD1,REGIONFROM,QLD1,ENERGY,7,-1456,2062,-1439.0,34.0,-1.1047894754160001,8870.36,4418,0.5,0.0
221,NSW1-QLD1,REGIONTO,NSW1,ENERGY,7,-1456,2062,-1439.0,34.0,0.895210524584,9331.68,4417,0.5,0.0
222,NSW1-QLD1,REGIONFROM,QLD1,ENERGY,8,-1422,2063,-1405.0,34.0,-1.101366015416,8870.36,4418,0.5,0.0
223,NSW1-QLD1,REGIONTO,NSW1,ENERGY,8,-1422,2063,-1405.0,34.0,0.898633984584,9331.68,4417,0.5,0.0
224,NSW1-QLD1,REGIONFROM,QLD1,ENERGY,9,-1388,2064,-1371.0,34.0,-1.097942555416,8870.36,4418,0.5,0.0
225,NSW1-QLD1,REGIONTO,NSW1,ENERGY,9,-1388,2064,-1371.0,34.0,0.902057444584,9331.68,4417,0.5,0.0
226,NSW1-QLD1,REGIONFROM,QLD1,ENERGY,10,-1354,2065,-1337.0,34.0,-1.094519095416,8870.36,4418,0.5,0.0
227,NSW1-QLD1,REGIONTO,NSW1,ENERGY,10,-1354,2065,-1337.0,34.0,0.905480904584,9331.68,4417,0.5,0.0
228,NSW1-QLD1,REGIONFROM,QLD1,ENERGY,11,-1320,2066,-1303.0,34.0,-1.091095635416,8870.36,4418,0.5,0.0
229,NSW1-QLD1,REGIONTO,NSW1,ENERGY,11,-1320,2066,-1303.0,34.0,0.908904364584,9331.68,4417,0.5,0.0
230,NSW1-QLD1,REGIONFROM,QLD1,ENERGY,12,-1286,2067,-1269.0,34.0,-1.087672175416,8870.36,4418,0.5,0.0
231,NSW1-QLD1,REGIONTO,NSW1,ENERGY,12,-1286,2067,-1269.0,34.0,0.912327824584,9331.68,4417,0.5,0.0
232,NSW1-QLD1,REGIONFROM,QLD1,ENERGY,13,-1252,2068,-1235.0,34.0,-1.0842487154159999,8870.36,4418,0.5,0.0
233,NSW1-QLD1,REGIONTO,NSW1,ENERGY,13,-1252,2068,-1235.0,34.0,0.915751284584,9331.68,4417,0.5,0.0
234,NSW1-QLD1,REGIONFROM,QLD1,ENERGY,14,-1218,2069,-1201.0,34.0,-1.080825255416,8870.36,4418,0.5,0.0
235,NSW1-QLD1,REGIONTO,NSW1,ENERGY,14,-1218,2069,-1201.0,34.0,0.919174744584,9331.68,4417,0.5,0.0
236,NSW1-QLD1,REGIONFROM,QLD1,ENERGY,15,-1184,2070,-1167.0,34.0,-1.077401795416,8870.36,4418,0.5,0.0
237,NSW1-QLD1,REGIONTO,NSW1,ENERGY,15,-1184,2070,-1167.0,34.0,0.922598204584,9331.68,4417,0.5,0.0
238,NSW1-QLD1,REGIONFROM,QLD1,ENERGY,16,-1150,2071,-1133.0,34.0,-1.073978335416,8870.36,4418,0.5,0.0
239,NSW1-QLD1,REGIONTO,NSW1,ENERGY,16,-1150,2071,-1133.0,34.0,0.926021664584,9331.68,4417,0.5,0.0
240,NSW1-QLD1,REGIONFROM,QLD1,ENERGY,17,-1116,2072,-1099.0,34.0,-1.070554875416,8870.36,4418,0.5,0.0
241,NSW1-QLD1,REGIONTO,NSW1,ENERGY,17,-1116,2072,-1099.0,34.0,0.9294451245840001,9331.68,4417,0.5,0.0
242,NSW1-QLD1,REGIONFROM,QLD1,ENERGY,18,-1082,2073,-1065.0,34.0,-1.067131415416,8870.36,4418,0.5,0.0
243,NSW1-QLD1,REGIONTO,NSW1,ENERGY,18,-1082,2073,-1065.0,34.0,0.932868584584,9331.68,4417,0.5,0.0
244,NSW1-QLD1,REGIONFROM,QLD1,ENERGY,19,-1048,2074,-1031.0,34.0,-1.063707955416,8870.36,4418,0.5,0.0
245,NSW1-QLD1,REGIONTO,NSW1,ENERGY,19,-1048,2074,-1031.0,34.0,0.936292044584,9331.68,4417,0.5,0.0
246,NSW1-QLD1,REGIONFROM,QLD1,ENERGY,20,-1014,2075,-997.0,34.0,-1.060284495416,8870.36,4418,0.5,0.0
247,NSW1-QLD1,REGIONTO,NSW1,ENERGY,20,-1014,2075,-997.0,34.0,0.939715504584,9331.68,4417,0.5,0.0
248,NSW1-QLD1,REGIONFROM,QLD1,ENERGY,21,-980,2076,-963.0,34.0,-1.056861035416,8870.36,4418,0.5,0.0
249,NSW1-QLD1,REGIONTO,NSW1,ENERGY,21,-980,2076,-963.0,34.0,0.943138964584,9331.68,4417,0.5,0.0
250,NSW1-QLD1,REGIONFROM,QLD1,ENERGY,22,-946,2077,-929.0,34.0,-1.053437575416,8870.36,4418,0.5,0.0
251,NSW1-QLD1,REGIONTO,NSW1,ENERGY,22,-946,2077,-929.0,34.0,0.9465624245840001,9331.68,4417,0.5,0.0
252,NSW1-QLD1,REGIONFROM,QLD1,ENERGY,23,-912,2078,-895.0,34.0,-1.0500141154159999,8870.36,4418,0.5,0.0
253,NSW1-QLD1,REGIONTO,NSW1,ENERGY,23,-912,2078,-895.0,34.0,0.949985884584,9331.68,4417,0.5,0.0
254,NSW1-QLD1,REGIONFROM,QLD1,ENERGY,24,-878,2079,-861.0,34.0,-1.046590655416,8870.36,4418,0.5,0.0
255,NSW1-QLD1,REGIONTO,NSW1,ENERGY,24,-878,2079,-861.0,34.0,0.953409344584,9331.68,4417,0.5,0.0
256,NSW1-QLD1,REGIONFROM,QLD1,ENERGY,25,-844,2080,-827.0,34.0,-1.043167195416,8870.36,4418,0.5,0.0
257,NSW1-QLD1,REGIONTO,NSW1,ENERGY,25,-844,2080,-827.0,34.0,0.956832804584,9331.68,4417,0.5,0.0
258,NSW1-QLD1,REGIONFROM,QLD1,ENERGY,26,-810,2081,-793.0,34.0,-1.039743735416,8870.36,4418,0.5,0.0
259,NSW1-QLD1,REGIONTO,NSW1,ENERGY,26,-810,2081,-793.0,34.0,0.960256264584,9331.68,4417,0.5,0.0
260,NSW1-QLD1,REGIONFROM,QLD1,ENERGY,27,-776,2082,-759.0,34.0,-1.0363202754160001,8870.36,4418,0.5,0.0
261,NSW1-QLD1,REGIONTO,NSW1,ENERGY,27,-776,2082,-759.0,34.0,0.963679724584,9331.68,4417,0.5,0.0
262,NSW1-QLD1,REGIONFROM,QLD1,ENERGY,28,-742,2083,-725.0,34.0,-1.032896815416,8870.36,4418,0.5,0.0
263,NSW1-QLD1,REGIONTO,NSW1,ENERGY,28,-742,2083,-725.0,34.0,0.967103184584,9331.68,4417,0.5,0.0
264,NSW1-QLD1,REGIONFROM,QLD1,ENERGY,29,-708,2084,-691.0,34.0,-1.029473355416,8870.36,4418,0.5,0.0
265,NSW1-QLD1,REGIONTO,NSW1,ENERGY,29,-708,2084,-691.0,34.0,0.970526644584,9331.68,4417,0.5,0.0
266,NSW1-QLD1,REGIONFROM,QLD1,ENERGY,30,-674,2085,-657.0,34.0,-1.026049895416,8870.36,4418,0.5,0.0
267,NSW1-QLD1,REGIONTO,NSW1,ENERGY,30,-674,2085,-657.0,34.0,0.973950104584,9331.68,4417,0.5,0.0
268,NSW1-QLD1,REGIONFROM,QLD1,ENERGY,31,-640,2086,-623.0,34.0,-1.022626435416,8870.36,4418,0.5,0.0
269,NSW1-QLD1,REGIONTO,NSW1,ENERGY,31,-640,2086,-623.0,34.0,0.977373564584,9331.68,4417,0.5,0.0
270,NSW1-QLD1,REGIONFROM,QLD1,ENERGY,32,-606,2087,-589.0,34.0,-1.019202975416,8870.36,4418,0.5,0.0
271,NSW1-QLD1,REGIONTO,NSW1,ENERGY,32,-606,2087,-589.0,34.0,0.9807970245840001,9331.68,4417,0.5,0.0
272,NSW1-QLD1,REGIONFROM,QLD1,ENERGY,33,-572,2088,-555.0,34.0,-1.0157795154159999,8870.36,4418,0.5,0.0
273,NSW1-QLD1,REGIONTO,NSW1,ENERGY,33,-572,2088,-555.0,34.0,0.984220484584,9331.68,4417,0.5,0.0
274,NSW1-QLD1,REGIONFROM,QLD1,ENERGY,34,-538,2089,-521.0,34.0,-1.012356055416,8870.36,4418,0.5,0.0
275,NSW1-QLD1,REGIONTO,NSW1,ENERGY,34,-538,2089,-521.0,34.0,0.987643944584,9331.68,4417,0.5,0.0
276,NSW1-QLD1,REGIONFROM,QLD1,ENERGY,35,-504,2090,-487.0,34.0,-1.008932595416,8870.36,4418,0.5,0.0
277,NSW1-QLD1,REGIONTO,NSW1,ENERGY,35,-504,2090,-487.0,34.0,0.991067404584,9331.68,4417,0.5,0.0
278,NSW1-QLD1,REGIONFROM,QLD1,ENERGY,36,-470,2091,-453.0,34.0,-1.005509135416,8870.36,4418,0.5,0.0
279,NSW1-QLD1,REGIONTO,NSW1,ENERGY,36,-470,2091,-453.0,34.0,0.994490864584,9331.68,4417,0.5,0.0
280,NSW1-QLD1,REGIONFROM,QLD1,ENERGY,37,-436,2092,-419.0,34.0,-1.0020856754160001,8870.36,4418,0.5,0.0
281,NSW1-QLD1,REGIONTO,NSW1,ENERGY,37,-436,2092,-419.0,34.0,0.997914324584,9331.68,4417,0.5,0.0
282,NSW1-QLD1,REGIONFROM,QLD1,ENERGY,38,-402,2093,-385.0,34.0,-0.998662215416,8870.36,4418,0.5,0.0
283,NSW1-QLD1,REGIONTO,NSW1,ENERGY,38,-402,2093,-385.0,34.0,1.001337784584,9331.68,4417,0.5,0.0
284,NSW1-QLD1,REGIONFROM,QLD1,ENERGY,39,-368,2094,-351.0,34.0,-0.995238755416,8870.36,4418,0.5,0.0
285,NSW1-QLD1,REGIONTO,NSW1,ENERGY,39,-368,2094,-351.0,34.0,1.004761244584,9331.68,4417,0.5,0.0
286,NSW1-QLD1,REGIONFROM,QLD1,ENERGY,40,-334,2095,-317.0,34.0,-0.991815295416,8870.36,4418,0.5,0.0
287,NSW1-QLD1,REGIONTO,NSW1,ENERGY,40,-334,2095,-317.0,34.0,1.008184704584,9331.68,4417,0.5,0.0
288,NSW1-QLD1,REGIONFROM,QLD1,ENERGY,41,-300,2096,-283.0,34.0,-0.988391835416,8870.36,4418,0.5,0.0
289,NSW1-QLD1,REGIONTO,NSW1,ENERGY,41,-300,2096,-283.0,34.0,1.011608164584,9331.68,4417,0.5,0.0
290,NSW1-QLD1,REGIONFROM,QLD1,ENERGY,42,-266,2097,-249.0,34.0,-0.984968375416,8870.36,4418,0.5,0.0
291,NSW1-QLD1,REGIONTO,NSW1,ENERGY,42,-266,2097,-249.0,34.0,1.015031624584,9331.68,4417,0.5,0.0
292,NSW1-QLD1,REGIONFROM,QLD1,ENERGY,43,-232,2098,-215.0,34.0,-0.981544915416,8870.36,4418,0.5,0.0
293,NSW1-QLD1,REGIONTO,NSW1,ENERGY,43,-232,2098,-215.0,34.0,1.0184550845840001,9331.68,4417,0.5,0.0
294,NSW1-QLD1,REGIONFROM,QLD1,ENERGY,44,-198,2099,-181.0,34.0,-0.978121455416,8870.36,4418,0.5,0.0
295,NSW1-QLD1,REGIONTO,NSW1,ENERGY,44,-198,2099,-181.0,34.0,1.021878544584,9331.68,4417,0.5,0.0
296,NSW1-QLD1,REGIONFROM,QLD1,ENERGY,45,-164,2100,-147.0,34.0,-0.974697995416,8870.36,4418,0.5,0.0
297,NSW1-QLD1,REGIONTO,NSW1,ENERGY,45,-164,2100,-147.0,34.0,1.025302004584,9331.68,4417,0.5,0.0
298,NSW1-QLD1,REGIONFROM,QLD1,ENERGY,46,-130,2101,-113.0,34.0,-0.971274535416,8870.36,4418,0.5,0.0
299,NSW1-QLD1,REGIONTO,NSW1,ENERGY,46,-130,2101,-113.0,34.0,1.028725464584,9331.68,4417,0.5,0.0
300,NSW1-QLD1,REGIONFROM,QLD1,ENERGY,47,-96,2102,-79.0,34.0,-0.967851075416,8870.36,4418,0.5,0.0
301,NSW1-QLD1,REGIONTO,NSW1,ENERGY,47,-96,2102,-79.0,34.0,1.0321489245839999,9331.68,4417,0.5,0.0
302,NSW1-QLD1,REGIONFROM,QLD1,ENERGY,48,-62,2103,-45.0,34.0,-0.964427615416,8870.36,4418,0.5,0.0
303,NSW1-QLD1,REGIONTO,NSW1,ENERGY,48,-62,2103,-45.0,34.0,1.035572384584,9331.68,4417,0.5,0.0
304,NSW1-QLD1,REGIONFROM,QLD1,ENERGY,49,-28,2104,-14.0,28.0,-0.961306225416,8870.36,4418,0.5,0.0
305,NSW1-QLD1,REGIONTO,NSW1,ENERGY,49,-28,2104,-14.0,28.0,1.038693774584,9331.68,4417,0.5,0.0
306,V-S-MNSP1,REGIONFROM,VIC1,ENERGY,31,0,2105,0.0,0.0,-1.039026,4615.58,4421,0.79,0.0
307,V-S-MNSP1,REGIONTO,SA1,ENERGY,31,0,2105,0.0,0.0,0.989626,1414.13,4419,0.79,0.0
308,V-S-MNSP1,REGIONFROM,VIC1,ENERGY,32,9,2106,4.5,9.0,-1.0490439900000001,4615.58,4421,0.79,9.0
309,V-S-MNSP1,REGIONTO,SA1,ENERGY,32,9,2106,4.5,9.0,0.98696299,1414.13,4419,0.79,9.0
310,V-S-MNSP1,REGIONFROM,VIC1,ENERGY,33,18,2107,13.5,9.0,-1.0690799700000002,4615.58,4421,0.79,9.0
311,V-S-MNSP1,REGIONTO,SA1,ENERGY,33,18,2107,13.5,9.0,0.9816369699999999,1414.13,4419,0.79,9.0
312,V-S-MNSP1,REGIONFROM,VIC1,ENERGY,34,27,2108,22.5,9.0,-1.08911595,4615.58,4421,0.79,9.0
313,V-S-MNSP1,REGIONTO,SA1,ENERGY,34,27,2108,22.5,9.0,0.97631095,1414.13,4419,0.79,9.0
314,V-S-MNSP1,REGIONFROM,VIC1,ENERGY,35,36,2109,31.5,9.0,-1.1091519300000001,4615.58,4421,0.79,9.0
315,V-S-MNSP1,REGIONTO,SA1,ENERGY,35,36,2109,31.5,9.0,0.97098493,1414.13,4419,0.79,9.0
316,V-S-MNSP1,REGIONFROM,VIC1,ENERGY,36,45,2110,40.5,9.0,-1.12918791,4615.58,4421,0.79,0.0
317,V-S-MNSP1,REGIONTO,SA1,ENERGY,36,45,2110,40.5,9.0,0.96565891,1414.13,4419,0.79,0.0
318,V-S-MNSP1,REGIONFROM,VIC1,ENERGY,37,54,2111,49.5,9.0,-1.14922389,4615.58,4421,0.79,0.0
319,V-S-MNSP1,REGIONTO,SA1,ENERGY,37,54,2111,49.5,9.0,0.96033289,1414.13,4419,0.79,0.0
320,V-S-MNSP1,REGIONFROM,VIC1,ENERGY,38,63,2112,58.5,9.0,-1.16925987,4615.58,4421,0.79,0.0
321,V-S-MNSP1,REGIONTO,SA1,ENERGY,38,63,2112,58.5,9.0,0.95500687,1414.13,4419,0.79,0.0
322,V-S-MNSP1,REGIONFROM,VIC1,ENERGY,39,72,2113,67.5,9.0,-1.1892958500000002,4615.58,4421,0.79,0.0
323,V-S-MNSP1,REGIONTO,SA1,ENERGY,39,72,2113,67.5,9.0,0.94968085,1414.13,4419,0.79,0.0
324,V-S-MNSP1,REGIONFROM,VIC1,ENERGY,40,81,2114,76.5,9.0,-1.20933183,4615.58,4421,0.79,0.0
325,V-S-MNSP1,REGIONTO,SA1,ENERGY,40,81,2114,76.5,9.0,0.94435483,1414.13,4419,0.79,0.0
326,V-S-MNSP1,REGIONFROM,VIC1,ENERGY,41,90,2115,85.5,9.0,-1.22936781,4615.58,4421,0.79,0.0
327,V-S-MNSP1,REGIONTO,SA1,ENERGY,41,90,2115,85.5,9.0,0.9390288099999999,1414.13,4419,0.79,0.0
328,V-S-MNSP1,REGIONFROM,VIC1,ENERGY,42,99,2116,94.5,9.0,-1.2494037900000001,4615.58,4421,0.79,0.0
329,V-S-MNSP1,REGIONTO,SA1,ENERGY,42,99,2116,94.5,9.0,0.93370279,1414.13,4419,0.79,0.0
330,V-S-MNSP1,REGIONFROM,VIC1,ENERGY,43,108,2117,103.5,9.0,-1.26943977,4615.58,4421,0.79,0.0
331,V-S-MNSP1,REGIONTO,SA1,ENERGY,43,108,2117,103.5,9.0,0.92837677,1414.13,4419,0.79,0.0
332,V-S-MNSP1,REGIONFROM,VIC1,ENERGY,44,117,2118,112.5,9.0,-1.28947575,4615.58,4421,0.79,0.0
333,V-S-MNSP1,REGIONTO,SA1,ENERGY,44,117,2118,112.5,9.0,0.92305075,1414.13,4419,0.79,0.0
334,V-S-MNSP1,REGIONFROM,VIC1,ENERGY,45,126,2119,121.5,9.0,-1.30951173,4615.58,4421,0.79,0.0
335,V-S-MNSP1,REGIONTO,SA1,ENERGY,45,126,2119,121.5,9.0,0.91772473,1414.13,4419,0.79,0.0
336,V-S-MNSP1,REGIONFROM,VIC1,ENERGY,46,135,2120,130.5,9.0,-1.3295477100000002,4615.58,4421,0.79,0.0
337,V-S-MNSP1,REGIONTO,SA1,ENERGY,46,135,2120,130.5,9.0,0.91239871,1414.13,4419,0.79,0.0
338,V-S-MNSP1,REGIONFROM,VIC1,ENERGY,47,144,2121,139.5,9.0,-1.3495836900000002,4615.58,4421,0.79,0.0
339,V-S-MNSP1,REGIONTO,SA1,ENERGY,47,144,2121,139.5,9.0,0.90707269,1414.13,4419,0.79,0.0
340,V-S-MNSP1,REGIONFROM,VIC1,ENERGY,48,153,2122,148.5,9.0,-1.36961967,4615.58,4421,0.79,0.0
341,V-S-MNSP1,REGIONTO,SA1,ENERGY,48,153,2122,148.5,9.0,0.90174667,1414.13,4419,0.79,0.0
342,V-S-MNSP1,REGIONFROM,VIC1,ENERGY,49,162,2123,157.5,9.0,-1.3896556500000001,4615.58,4421,0.79,0.0
343,V-S-MNSP1,REGIONTO,SA1,ENERGY,49,162,2123,157.5,9.0,0.89642065,1414.13,4419,0.79,0.0
344,V-S-MNSP1,REGIONFROM,VIC1,ENERGY,50,171,2124,166.5,9.0,-1.4096916300000002,4615.58,4421,0.79,0.0
345,V-S-MNSP1,REGIONTO,SA1,ENERGY,50,171,2124,166.5,9.0,0.89109463,1414.13,4419,0.79,0.0
346,V-S-MNSP1,REGIONFROM,VIC1,ENERGY,51,180,2125,175.5,9.0,-1.42972761,4615.58,4421,0.79,0.0
347,V-S-MNSP1,REGIONTO,SA1,ENERGY,51,180,2125,175.5,9.0,0.88576861,1414.13,4419,0.79,0.0
348,V-S-MNSP1,REGIONFROM,VIC1,ENERGY,52,189,2126,184.5,9.0,-1.4497635899999999,4615.58,4421,0.79,0.0
349,V-S-MNSP1,REGIONTO,SA1,ENERGY,52,189,2126,184.5,9.0,0.88044259,1414.13,4419,0.79,0.0
350,V-S-MNSP1,REGIONFROM,VIC1,ENERGY,53,198,2127,193.5,9.0,-1.4697995700000002,4615.58,4421,0.79,0.0
351,V-S-MNSP1,REGIONTO,SA1,ENERGY,53,198,2127,193.5,9.0,0.87511657,1414.13,4419,0.79,0.0
352,V-S-MNSP1,REGIONFROM,VIC1,ENERGY,54,207,2128,202.5,9.0,-1.4898355500000002,4615.58,4421,0.79,0.0
353,V-S-MNSP1,REGIONTO,SA1,ENERGY,54,207,2128,202.5,9.0,0.86979055,1414.13,4419,0.79,0.0
354,V-S-MNSP1,REGIONFROM,VIC1,ENERGY,55,216,2129,211.5,9.0,-1.50987153,4615.58,4421,0.79,0.0
355,V-S-MNSP1,REGIONTO,SA1,ENERGY,55,216,2129,211.5,9.0,0.86446453,1414.13,4419,0.79,0.0
356,V-S-MNSP1,REGIONFROM,VIC1,ENERGY,56,225,2130,220.5,9.0,-1.5299075100000001,4615.58,4421,0.79,0.0
357,V-S-MNSP1,REGIONTO,SA1,ENERGY,56,225,2130,220.5,9.0,0.85913851,1414.13,4419,0.79,0.0
358,V-S-MNSP1,REGIONFROM,VIC1,ENERGY,57,234,2131,229.5,9.0,-1.54994349,4615.58,4421,0.79,0.0
359,V-S-MNSP1,REGIONTO,SA1,ENERGY,57,234,2131,229.5,9.0,0.85381249,1414.13,4419,0.79,0.0
360,V-S-MNSP1,REGIONFROM,VIC1,ENERGY,58,243,2132,238.5,9.0,-1.5699794700000003,4615.58,4421,0.79,0.0
361,V-S-MNSP1,REGIONTO,SA1,ENERGY,58,243,2132,238.5,9.0,0.84848647,1414.13,4419,0.79,0.0
362,V-S-MNSP1,REGIONFROM,VIC1,ENERGY,59,252,2133,247.5,9.0,-1.59001545,4615.58,4421,0.79,0.0
363,V-S-MNSP1,REGIONTO,SA1,ENERGY,59,252,2133,247.5,9.0,0.8431604500000001,1414.13,4419,0.79,0.0
364,V-S-MNSP1,REGIONFROM,VIC1,ENERGY,60,261,2134,256.5,9.0,-1.61005143,4615.58,4421,0.79,0.0
365,V-S-MNSP1,REGIONTO,SA1,ENERGY,60,261,2134,256.5,9.0,0.83783443,1414.13,4419,0.79,0.0
366,V-S-MNSP1,REGIONFROM,VIC1,ENERGY,61,271,2135,266.0,10.0,-1.6312005200000002,4615.58,4421,0.79,0.0
367,V-S-MNSP1,REGIONTO,SA1,ENERGY,61,271,2135,266.0,10.0,0.83221252,1414.13,4419,0.79,0.0
368,V-S-MNSP1,REGIONFROM,SA1,ENERGY,1,-271,2136,-266.0,10.0,-1.55314852,1414.13,4419,0.79,0.0
369,V-S-MNSP1,REGIONTO,VIC1,ENERGY,1,-271,2136,-266.0,10.0,0.8529605200000001,4615.58,4421,0.79,0.0
370,V-S-MNSP1,REGIONFROM,SA1,ENERGY,2,-261,2137,-256.5,9.0,-1.53199943,1414.13,4419,0.79,0.0
371,V-S-MNSP1,REGIONTO,VIC1,ENERGY,2,-261,2137,-256.5,9.0,0.85858243,4615.58,4421,0.79,0.0
372,V-S-MNSP1,REGIONFROM,SA1,ENERGY,3,-252,2138,-247.5,9.0,-1.5119634499999999,1414.13,4419,0.79,0.0
373,V-S-MNSP1,REGIONTO,VIC1,ENERGY,3,-252,2138,-247.5,9.0,0.86390845,4615.58,4421,0.79,0.0
374,V-S-MNSP1,REGIONFROM,SA1,ENERGY,4,-243,2139,-238.5,9.0,-1.4919274699999998,1414.13,4419,0.79,0.0
375,V-S-MNSP1,REGIONTO,VIC1,ENERGY,4,-243,2139,-238.5,9.0,0.8692344700000001,4615.58,4421,0.79,0.0
376,V-S-MNSP1,REGIONFROM,SA1,ENERGY,5,-234,2140,-229.5,9.0,-1.47189149,1414.13,4419,0.79,0.0
377,V-S-MNSP1,REGIONTO,VIC1,ENERGY,5,-234,2140,-229.5,9.0,0.87456049,4615.58,4421,0.79,0.0
378,V-S-MNSP1,REGIONFROM,SA1,ENERGY,6,-225,2141,-220.5,9.0,-1.45185551,1414.13,4419,0.79,0.0
379,V-S-MNSP1,REGIONTO,VIC1,ENERGY,6,-225,2141,-220.5,9.0,0.8798865100000001,4615.58,4421,0.79,0.0
380,V-S-MNSP1,REGIONFROM,SA1,ENERGY,7,-216,2142,-211.5,9.0,-1.4318195299999998,1414.13,4419,0.79,0.0
381,V-S-MNSP1,REGIONTO,VIC1,ENERGY,7,-216,2142,-211.5,9.0,0.88521253,4615.58,4421,0.79,0.0
382,V-S-MNSP1,REGIONFROM,SA1,ENERGY,8,-207,2143,-202.5,9.0,-1.41178355,1414.13,4419,0.79,0.0
383,V-S-MNSP1,REGIONTO,VIC1,ENERGY,8,-207,2143,-202.5,9.0,0.89053855,4615.58,4421,0.79,0.0
384,V-S-MNSP1,REGIONFROM,SA1,ENERGY,9,-198,2144,-193.5,9.0,-1.39174757,1414.13,4419,0.79,0.0
385,V-S-MNSP1,REGIONTO,VIC1,ENERGY,9,-198,2144,-193.5,9.0,0.8958645700000001,4615.58,4421,0.79,0.0
386,V-S-MNSP1,REGIONFROM,SA1,ENERGY,10,-189,2145,-184.5,9.0,-1.3717115899999999,1414.13,4419,0.79,0.0
387,V-S-MNSP1,REGIONTO,VIC1,ENERGY,10,-189,2145,-184.5,9.0,0.90119059,4615.58,4421,0.79,0.0
388,V-S-MNSP1,REGIONFROM,SA1,ENERGY,11,-180,2146,-175.5,9.0,-1.35167561,1414.13,4419,0.79,0.0
389,V-S-MNSP1,REGIONTO,VIC1,ENERGY,11,-180,2146,-175.5,9.0,0.9065166100000001,4615.58,4421,0.79,0.0
390,V-S-MNSP1,REGIONFROM,SA1,ENERGY,12,-171,2147,-166.5,9.0,-1.33163963,1414.13,4419,0.79,0.0
391,V-S-MNSP1,REGIONTO,VIC1,ENERGY,12,-171,2147,-166.5,9.0,0.91184263,4615.58,4421,0.79,0.0
392,V-S-MNSP1,REGIONFROM,SA1,ENERGY,13,-162,2148,-157.5,9.0,-1.31160365,1414.13,4419,0.79,0.0
393,V-S-MNSP1,REGIONTO,VIC1,ENERGY,13,-162,2148,-157.5,9.0,0.91716865,4615.58,4421,0.79,0.0
394,V-S-MNSP1,REGIONFROM,SA1,ENERGY,14,-153,2149,-148.5,9.0,-1.2915676699999998,1414.13,4419,0.79,0.0
395,V-S-MNSP1,REGIONTO,VIC1,ENERGY,14,-153,2149,-148.5,9.0,0.9224946700000001,4615.58,4421,0.79,0.0
396,V-S-MNSP1,REGIONFROM,SA1,ENERGY,15,-144,2150,-139.5,9.0,-1.27153169,1414.13,4419,0.79,0.0
397,V-S-MNSP1,REGIONTO,VIC1,ENERGY,15,-144,2150,-139.5,9.0,0.92782069,4615.58,4421,0.79,0.0
398,V-S-MNSP1,REGIONFROM,SA1,ENERGY,16,-135,2151,-130.5,9.0,-1.25149571,1414.13,4419,0.79,0.0
399,V-S-MNSP1,REGIONTO,VIC1,ENERGY,16,-135,2151,-130.5,9.0,0.93314671,4615.58,4421,0.79,0.0
400,V-S-MNSP1,REGIONFROM,SA1,ENERGY,17,-126,2152,-121.5,9.0,-1.2314597299999999,1414.13,4419,0.79,0.0
401,V-S-MNSP1,REGIONTO,VIC1,ENERGY,17,-126,2152,-121.5,9.0,0.93847273,4615.58,4421,0.79,0.0
402,V-S-MNSP1,REGIONFROM,SA1,ENERGY,18,-117,2153,-112.5,9.0,-1.2114237499999998,1414.13,4419,0.79,0.0
403,V-S-MNSP1,REGIONTO,VIC1,ENERGY,18,-117,2153,-112.5,9.0,0.94379875,4615.58,4421,0.79,0.0
404,V-S-MNSP1,REGIONFROM,SA1,ENERGY,19,-108,2154,-103.5,9.0,-1.19138777,1414.13,4419,0.79,0.0
405,V-S-MNSP1,REGIONTO,VIC1,ENERGY,19,-108,2154,-103.5,9.0,0.9491247700000001,4615.58,4421,0.79,0.0
406,V-S-MNSP1,REGIONFROM,SA1,ENERGY,20,-99,2155,-94.5,9.0,-1.17135179,1414.13,4419,0.79,0.0
407,V-S-MNSP1,REGIONTO,VIC1,ENERGY,20,-99,2155,-94.5,9.0,0.9544507900000001,4615.58,4421,0.79,0.0
408,V-S-MNSP1,REGIONFROM,SA1,ENERGY,21,-90,2156,-85.5,9.0,-1.1513158099999998,1414.13,4419,0.79,0.0
409,V-S-MNSP1,REGIONTO,VIC1,ENERGY,21,-90,2156,-85.5,9.0,0.95977681,4615.58,4421,0.79,0.0
410,V-S-MNSP1,REGIONFROM,SA1,ENERGY,22,-81,2157,-76.5,9.0,-1.13127983,1414.13,4419,0.79,0.0
411,V-S-MNSP1,REGIONTO,VIC1,ENERGY,22,-81,2157,-76.5,9.0,0.96510283,4615.58,4421,0.79,0.0
412,V-S-MNSP1,REGIONFROM,SA1,ENERGY,23,-72,2158,-67.5,9.0,-1.11124385,1414.13,4419,0.79,0.0
413,V-S-MNSP1,REGIONTO,VIC1,ENERGY,23,-72,2158,-67.5,9.0,0.97042885,4615.58,4421,0.79,0.0
414,V-S-MNSP1,REGIONFROM,SA1,ENERGY,24,-63,2159,-58.5,9.0,-1.0912078699999999,1414.13,4419,0.79,0.0
415,V-S-MNSP1,REGIONTO,VIC1,ENERGY,24,-63,2159,-58.5,9.0,0.97575487,4615.58,4421,0.79,0.0
416,V-S-MNSP1,REGIONFROM,SA1,ENERGY,25,-54,2160,-49.5,9.0,-1.07117189,1414.13,4419,0.79,0.0
417,V-S-MNSP1,REGIONTO,VIC1,ENERGY,25,-54,2160,-49.5,9.0,0.98108089,4615.58,4421,0.79,0.0
418,V-S-MNSP1,REGIONFROM,SA1,ENERGY,26,-45,2161,-40.5,9.0,-1.05113591,1414.13,4419,0.79,0.0
419,V-S-MNSP1,REGIONTO,VIC1,ENERGY,26,-45,2161,-40.5,9.0,0.98640691,4615.58,4421,0.79,0.0
420,V-S-MNSP1,REGIONFROM,SA1,ENERGY,27,-36,2162,-31.5,9.0,-1.0310999299999999,1414.13,4419,0.79,0.0
421,V-S-MNSP1,REGIONTO,VIC1,ENERGY,27,-36,2162,-31.5,9.0,0.9917329300000001,4615.58,4421,0.79,0.0
422,V-S-MNSP1,REGIONFROM,SA1,ENERGY,28,-27,2163,-22.5,9.0,-1.0110639499999998,1414.13,4419,0.79,0.0
423,V-S-MNSP1,REGIONTO,VIC1,ENERGY,28,-27,2163,-22.5,9.0,0.99705895,4615.58,4421,0.79,0.0
424,V-S-MNSP1,REGIONFROM,SA1,ENERGY,29,-18,2164,-13.5,9.0,-0.99102797,1414.13,4419,0.79,0.0
425,V-S-MNSP1,REGIONTO,VIC1,ENERGY,29,-18,2164,-13.5,9.0,1.00238497,4615.58,4421,0.79,0.0
426,V-S-MNSP1,REGIONFROM,SA1,ENERGY,30,-9,2165,-4.5,9.0,-0.9709919899999999,1414.13,4419,0.79,0.0
427,V-S-MNSP1,REGIONTO,VIC1,ENERGY,30,-9,2165,-4.5,9.0,1.00771099,4615.58,4421,0.79,0.0
428,V-SA,REGIONFROM,VIC1,ENERGY,58,5,2166,2.5,5.0,-0.9960962589218602,4615.58,4421,0.73,5.0
429,V-SA,REGIONTO,SA1,ENERGY,58,5,2166,2.5,5.0,1.0014438494398599,1414.13,4419,0.73,5.0
430,V-SA,REGIONFROM,VIC1,ENERGY,59,20,2167,12.5,15.0,-0.9990772869218602,4615.58,4421,0.73,15.0
431,V-SA,REGIONTO,SA1,ENERGY,59,20,2167,12.5,15.0,1.00034127743986,1414.13,4419,0.73,15.0
432,V-SA,REGIONFROM,VIC1,ENERGY,60,35,2168,27.5,15.0,-1.0035488289218601,4615.58,4421,0.73,15.0
433,V-SA,REGIONTO,SA1,ENERGY,60,35,2168,27.5,15.0,0.99868741943986,1414.13,4419,0.73,15.0
434,V-SA,REGIONFROM,VIC1,ENERGY,61,50,2169,42.5,15.0,-1.00802037092186,4615.58,4421,0.73,15.0
435,V-SA,REGIONTO,SA1,ENERGY,61,50,2169,42.5,15.0,0.99703356143986,1414.13,4419,0.73,15.0
436,V-SA,REGIONFROM,VIC1,ENERGY,62,65,2170,57.5,15.0,-1.01249191292186,4615.58,4421,0.73,15.0
437,V-SA,REGIONTO,SA1,ENERGY,62,65,2170,57.5,15.0,0.99537970343986,1414.13,4419,0.73,15.0
438,V-SA,REGIONFROM,VIC1,ENERGY,63,80,2171,72.5,15.0,-1.01696345492186,4615.58,4421,0.73,15.0
439,V-SA,REGIONTO,SA1,ENERGY,63,80,2171,72.5,15.0,0.99372584543986,1414.13,4419,0.73,15.0
440,V-SA,REGIONFROM,VIC1,ENERGY,64,95,2172,87.5,15.0,-1.0214349969218601,4615.58,4421,0.73,15.0
441,V-SA,REGIONTO,SA1,ENERGY,64,95,2172,87.5,15.0,0.99207198743986,1414.13,4419,0.73,15.0
442,V-SA,REGIONFROM,VIC1,ENERGY,65,110,2173,102.5,15.0,-1.02590653892186,4615.58,4421,0.73,15.0
443,V-SA,REGIONTO,SA1,ENERGY,65,110,2173,102.5,15.0,0.99041812943986,1414.13,4419,0.73,15.0
444,V-SA,REGIONFROM,VIC1,ENERGY,66,125,2174,117.5,15.0,-1.03037808092186,4615.58,4421,0.73,15.0
445,V-SA,REGIONTO,SA1,ENERGY,66,125,2174,117.5,15.0,0.98876427143986,1414.13,4419,0.73,15.0
446,V-SA,REGIONFROM,VIC1,ENERGY,67,140,2175,132.5,15.0,-1.0348496229218602,4615.58,4421,0.73,15.0
447,V-SA,REGIONTO,SA1,ENERGY,67,140,2175,132.5,15.0,0.98711041343986,1414.13,4419,0.73,15.0
448,V-SA,REGIONFROM,VIC1,ENERGY,68,155,2176,147.5,15.0,-1.03932116492186,4615.58,4421,0.73,15.0
449,V-SA,REGIONTO,SA1,ENERGY,68,155,2176,147.5,15.0,0.98545655543986,1414.13,4419,0.73,15.0
450,V-SA,REGIONFROM,VIC1,ENERGY,69,170,2177,162.5,15.0,-1.04379270692186,4615.58,4421,0.73,15.0
451,V-SA,REGIONTO,SA1,ENERGY,69,170,2177,162.5,15.0,0.9838026974398599,1414.13,4419,0.73,15.0
452,V-SA,REGIONFROM,VIC1,ENERGY,70,185,2178,177.5,15.0,-1.04826424892186,4615.58,4421,0.73,15.0
453,V-SA,REGIONTO,SA1,ENERGY,70,185,2178,177.5,15.0,0.98214883943986,1414.13,4419,0.73,15.0
454,V-SA,REGIONFROM,VIC1,ENERGY,71,200,2179,192.5,15.0,-1.05273579092186,4615.58,4421,0.73,15.0
455,V-SA,REGIONTO,SA1,ENERGY,71,200,2179,192.5,15.0,0.98049498143986,1414.13,4419,0.73,15.0
456,V-SA,REGIONFROM,VIC1,ENERGY,72,215,2180,207.5,15.0,-1.05720733292186,4615.58,4421,0.73,15.0
457,V-SA,REGIONTO,SA1,ENERGY,72,215,2180,207.5,15.0,0.97884112343986,1414.13,4419,0.73,15.0
458,V-SA,REGIONFROM,VIC1,ENERGY,73,230,2181,222.5,15.0,-1.06167887492186,4615.58,4421,0.73,15.0
459,V-SA,REGIONTO,SA1,ENERGY,73,230,2181,222.5,15.0,0.97718726543986,1414.13,4419,0.73,15.0
460,V-SA,REGIONFROM,VIC1,ENERGY,74,245,2182,237.5,15.0,-1.06615041692186,4615.58,4421,0.73,15.0
461,V-SA,REGIONTO,SA1,ENERGY,74,245,2182,237.5,15.0,0.97553340743986,1414.13,4419,0.73,15.0
462,V-SA,REGIONFROM,VIC1,ENERGY,75,260,2183,252.5,15.0,-1.07062195892186,4615.58,4421,0.73,15.0
463,V-SA,REGIONTO,SA1,ENERGY,75,260,2183,252.5,15.0,0.97387954943986,1414.13,4419,0.73,15.0
464,V-SA,REGIONFROM,VIC1,ENERGY,76,275,2184,267.5,15.0,-1.07509350092186,4615.58,4421,0.73,15.0
465,V-SA,REGIONTO,SA1,ENERGY,76,275,2184,267.5,15.0,0.9722256914398599,1414.13,4419,0.73,15.0
466,V-SA,REGIONFROM,VIC1,ENERGY,77,290,2185,282.5,15.0,-1.07956504292186,4615.58,4421,0.73,15.0
467,V-SA,REGIONTO,SA1,ENERGY,77,290,2185,282.5,15.0,0.97057183343986,1414.13,4419,0.73,15.0
468,V-SA,REGIONFROM,VIC1,ENERGY,78,305,2186,297.5,15.0,-1.08403658492186,4615.58,4421,0.73,15.0
469,V-SA,REGIONTO,SA1,ENERGY,78,305,2186,297.5,15.0,0.96891797543986,1414.13,4419,0.73,15.0
470,V-SA,REGIONFROM,VIC1,ENERGY,79,320,2187,312.5,15.0,-1.08850812692186,4615.58,4421,0.73,15.0
471,V-SA,REGIONTO,SA1,ENERGY,79,320,2187,312.5,15.0,0.96726411743986,1414.13,4419,0.73,15.0
472,V-SA,REGIONFROM,VIC1,ENERGY,80,335,2188,327.5,15.0,-1.09297966892186,4615.58,4421,0.73,15.0
473,V-SA,REGIONTO,SA1,ENERGY,80,335,2188,327.5,15.0,0.96561025943986,1414.13,4419,0.73,15.0
474,V-SA,REGIONFROM,VIC1,ENERGY,81,350,2189,342.5,15.0,-1.0974512109218602,4615.58,4421,0.73,3.39999
475,V-SA,REGIONTO,SA1,ENERGY,81,350,2189,342.5,15.0,0.96395640143986,1414.13,4419,0.73,3.39999
476,V-SA,REGIONFROM,VIC1,ENERGY,82,365,2190,357.5,15.0,-1.10192275292186,4615.58,4421,0.73,0.0
477,V-SA,REGIONTO,SA1,ENERGY,82,365,2190,357.5,15.0,0.96230254343986,1414.13,4419,0.73,0.0
478,V-SA,REGIONFROM,VIC1,ENERGY,83,380,2191,372.5,15.0,-1.10639429492186,4615.58,4421,0.73,0.0
479,V-SA,REGIONTO,SA1,ENERGY,83,380,2191,372.5,15.0,0.96064868543986,1414.13,4419,0.73,0.0
480,V-SA,REGIONFROM,VIC1,ENERGY,84,395,2192,387.5,15.0,-1.11086583692186,4615.58,4421,0.73,0.0
481,V-SA,REGIONTO,SA1,ENERGY,84,395,2192,387.5,15.0,0.95899482743986,1414.13,4419,0.73,0.0
482,V-SA,REGIONFROM,VIC1,ENERGY,85,410,2193,402.5,15.0,-1.1153373789218601,4615.58,4421,0.73,0.0
483,V-SA,REGIONTO,SA1,ENERGY,85,410,2193,402.5,15.0,0.95734096943986,1414.13,4419,0.73,0.0
484,V-SA,REGIONFROM,VIC1,ENERGY,86,425,2194,417.5,15.0,-1.11980892092186,4615.58,4421,0.73,0.0
485,V-SA,REGIONTO,SA1,ENERGY,86,425,2194,417.5,15.0,0.95568711143986,1414.13,4419,0.73,0.0
486,V-SA,REGIONFROM,VIC1,ENERGY,87,440,2195,432.5,15.0,-1.12428046292186,4615.58,4421,0.73,0.0
487,V-SA,REGIONTO,SA1,ENERGY,87,440,2195,432.5,15.0,0.95403325343986,1414.13,4419,0.73,0.0
488,V-SA,REGIONFROM,VIC1,ENERGY,88,455,2196,447.5,15.0,-1.1287520049218602,4615.58,4421,0.73,0.0
489,V-SA,REGIONTO,SA1,ENERGY,88,455,2196,447.5,15.0,0.9523793954398599,1414.13,4419,0.73,0.0
490,V-SA,REGIONFROM,VIC1,ENERGY,89,470,2197,462.5,15.0,-1.1332235469218601,4615.58,4421,0.73,0.0
491,V-SA,REGIONTO,SA1,ENERGY,89,470,2197,462.5,15.0,0.95072553743986,1414.13,4419,0.73,0.0
492,V-SA,REGIONFROM,VIC1,ENERGY,90,485,2198,477.5,15.0,-1.13769508892186,4615.58,4421,0.73,0.0
493,V-SA,REGIONTO,SA1,ENERGY,90,485,2198,477.5,15.0,0.9490716794398599,1414.13,4419,0.73,0.0
494,V-SA,REGIONFROM,VIC1,ENERGY,91,500,2199,492.5,15.0,-1.14216663092186,4615.58,4421,0.73,0.0
495,V-SA,REGIONTO,SA1,ENERGY,91,500,2199,492.5,15.0,0.94741782143986,1414.13,4419,0.73,0.0
496,V-SA,REGIONFROM,VIC1,ENERGY,92,515,2200,507.5,15.0,-1.14663817292186,4615.58,4421,0.73,0.0
497,V-SA,REGIONTO,SA1,ENERGY,92,515,2200,507.5,15.0,0.94576396343986,1414.13,4419,0.73,0.0
498,V-SA,REGIONFROM,VIC1,ENERGY,93,530,2201,522.5,15.0,-1.15110971492186,4615.58,4421,0.73,0.0
499,V-SA,REGIONTO,SA1,ENERGY,93,530,2201,522.5,15.0,0.94411010543986,1414.13,4419,0.73,0.0
500,V-SA,REGIONFROM,VIC1,ENERGY,94,545,2202,537.5,15.0,-1.15558125692186,4615.58,4421,0.73,0.0
501,V-SA,REGIONTO,SA1,ENERGY,94,545,2202,537.5,15.0,0.94245624743986,1414.13,4419,0.73,0.0
502,V-SA,REGIONFROM,VIC1,ENERGY,95,560,2203,552.5,15.0,-1.16005279892186,4615.58,4421,0.73,0.0
503,V-SA,REGIONTO,SA1,ENERGY,95,560,2203,552.5,15.0,0.9408023894398599,1414.13,4419,0.73,0.0
504,V-SA,REGIONFROM,VIC1,ENERGY,96,575,2204,567.5,15.0,-1.16452434092186,4615.58,4421,0.73,0.0
505,V-SA,REGIONTO,SA1,ENERGY,96,575,2204,567.5,15.0,0.93914853143986,1414.13,4419,0.73,0.0
506,V-SA,REGIONFROM,VIC1,ENERGY,97,590,2205,582.5,15.0,-1.16899588292186,4615.58,4421,0.73,0.0
507,V-SA,REGIONTO,SA1,ENERGY,97,590,2205,582.5,15.0,0.9374946734398599,1414.13,4419,0.73,0.0
508,V-SA,REGIONFROM,VIC1,ENERGY,98,605,2206,597.5,15.0,-1.17346742492186,4615.58,4421,0.73,0.0
509,V-SA,REGIONTO,SA1,ENERGY,98,605,2206,597.5,15.0,0.93584081543986,1414.13,4419,0.73,0.0
510,V-SA,REGIONFROM,VIC1,ENERGY,99,620,2207,612.5,15.0,-1.17793896692186,4615.58,4421,0.73,0.0
511,V-SA,REGIONTO,SA1,ENERGY,99,620,2207,612.5,15.0,0.93418695743986,1414.13,4419,0.73,0.0
512,V-SA,REGIONFROM,VIC1,ENERGY,100,635,2208,627.5,15.0,-1.18241050892186,4615.58,4421,0.73,0.0
513,V-SA,REGIONTO,SA1,ENERGY,100,635,2208,627.5,15.0,0.93253309943986,1414.13,4419,0.73,0.0
514,V-SA,REGIONFROM,VIC1,ENERGY,101,650,2209,642.5,15.0,-1.18688205092186,4615.58,4421,0.73,0.0
515,V-SA,REGIONTO,SA1,ENERGY,101,650,2209,642.5,15.0,0.9308792414398599,1414.13,4419,0.73,0.0
516,V-SA,REGIONFROM,VIC1,ENERGY,102,665,2210,657.5,15.0,-1.1913535929218602,4615.58,4421,0.73,0.0
517,V-SA,REGIONTO,SA1,ENERGY,102,665,2210,657.5,15.0,0.9292253834398599,1414.13,4419,0.73,0.0
518,V-SA,REGIONFROM,VIC1,ENERGY,103,680,2211,672.5,15.0,-1.19582513492186,4615.58,4421,0.73,0.0
519,V-SA,REGIONTO,SA1,ENERGY,103,680,2211,672.5,15.0,0.92757152543986,1414.13,4419,0.73,0.0
520,V-SA,REGIONFROM,VIC1,ENERGY,104,695,2212,687.5,15.0,-1.20029667692186,4615.58,4421,0.73,0.0
521,V-SA,REGIONTO,SA1,ENERGY,104,695,2212,687.5,15.0,0.92591766743986,1414.13,4419,0.73,0.0
522,V-SA,REGIONFROM,VIC1,ENERGY,105,710,2213,702.5,15.0,-1.20476821892186,4615.58,4421,0.73,0.0
523,V-SA,REGIONTO,SA1,ENERGY,105,710,2213,702.5,15.0,0.92426380943986,1414.13,4419,0.73,0.0
524,V-SA,REGIONFROM,VIC1,ENERGY,106,725,2214,717.5,15.0,-1.2092397609218601,4615.58,4421,0.73,0.0
525,V-SA,REGIONTO,SA1,ENERGY,106,725,2214,717.5,15.0,0.92260995143986,1414.13,4419,0.73,0.0
526,V-SA,REGIONFROM,VIC1,ENERGY,107,740,2215,732.5,15.0,-1.21371130292186,4615.58,4421,0.73,0.0
527,V-SA,REGIONTO,SA1,ENERGY,107,740,2215,732.5,15.0,0.92095609343986,1414.13,4419,0.73,0.0
528,V-SA,REGIONFROM,VIC1,ENERGY,108,755,2216,747.5,15.0,-1.21818284492186,4615.58,4421,0.73,0.0
529,V-SA,REGIONTO,SA1,ENERGY,108,755,2216,747.5,15.0,0.91930223543986,1414.13,4419,0.73,0.0
530,V-SA,REGIONFROM,VIC1,ENERGY,109,770,2217,762.5,15.0,-1.2226543869218602,4615.58,4421,0.73,0.0
531,V-SA,REGIONTO,SA1,ENERGY,109,770,2217,762.5,15.0,0.9176483774398599,1414.13,4419,0.73,0.0
532,V-SA,REGIONFROM,VIC1,ENERGY,110,785,2218,777.5,15.0,-1.2271259289218601,4615.58,4421,0.73,0.0
533,V-SA,REGIONTO,SA1,ENERGY,110,785,2218,777.5,15.0,0.91599451943986,1414.13,4419,0.73,0.0
534,V-SA,REGIONFROM,VIC1,ENERGY,111,800,2219,792.5,15.0,-1.23159747092186,4615.58,4421,0.73,0.0
535,V-SA,REGIONTO,SA1,ENERGY,111,800,2219,792.5,15.0,0.9143406614398599,1414.13,4419,0.73,0.0
536,V-SA,REGIONFROM,VIC1,ENERGY,112,815,2220,807.5,15.0,-1.23606901292186,4615.58,4421,0.73,0.0
537,V-SA,REGIONTO,SA1,ENERGY,112,815,2220,807.5,15.0,0.91268680343986,1414.13,4419,0.73,0.0
538,V-SA,REGIONFROM,VIC1,ENERGY,113,830,2221,822.5,15.0,-1.24054055492186,4615.58,4421,0.73,0.0
539,V-SA,REGIONTO,SA1,ENERGY,113,830,2221,822.5,15.0,0.91103294543986,1414.13,4419,0.73,0.0
540,V-SA,REGIONFROM,VIC1,ENERGY,114,845,2222,837.5,15.0,-1.24501209692186,4615.58,4421,0.73,0.0
541,V-SA,REGIONTO,SA1,ENERGY,114,845,2222,837.5,15.0,0.90937908743986,1414.13,4419,0.73,0.0
542,V-SA,REGIONFROM,VIC1,ENERGY,115,860,2223,852.5,15.0,-1.24948363892186,4615.58,4421,0.73,0.0
543,V-SA,REGIONTO,SA1,ENERGY,115,860,2223,852.5,15.0,0.90772522943986,1414.13,4419,0.73,0.0
544,V-SA,REGIONFROM,VIC1,ENERGY,116,875,2224,867.5,15.0,-1.25395518092186,4615.58,4421,0.73,0.0
545,V-SA,REGIONTO,SA1,ENERGY,116,875,2224,867.5,15.0,0.9060713714398599,1414.13,4419,0.73,0.0
546,V-SA,REGIONFROM,VIC1,ENERGY,117,890,2225,882.5,15.0,-1.25842672292186,4615.58,4421,0.73,0.0
547,V-SA,REGIONTO,SA1,ENERGY,117,890,2225,882.5,15.0,0.90441751343986,1414.13,4419,0.73,0.0
548,V-SA,REGIONFROM,VIC1,ENERGY,118,905,2226,897.5,15.0,-1.2628982649218599,4615.58,4421,0.73,0.0
549,V-SA,REGIONTO,SA1,ENERGY,118,905,2226,897.5,15.0,0.90276365543986,1414.13,4419,0.73,0.0
550,V-SA,REGIONFROM,VIC1,ENERGY,119,920,2227,912.5,15.0,-1.26736980692186,4615.58,4421,0.73,0.0
551,V-SA,REGIONTO,SA1,ENERGY,119,920,2227,912.5,15.0,0.90110979743986,1414.13,4419,0.73,0.0
552,V-SA,REGIONFROM,VIC1,ENERGY,120,935,2228,927.5,15.0,-1.27184134892186,4615.58,4421,0.73,0.0
553,V-SA,REGIONTO,SA1,ENERGY,120,935,2228,927.5,15.0,0.89945593943986,1414.13,4419,0.73,0.0
554,V-SA,REGIONFROM,VIC1,ENERGY,121,951,2229,943.0,16.0,-1.27646194232186,4615.58,4421,0.73,0.0
555,V-SA,REGIONTO,SA1,ENERGY,121,951,2229,943.0,16.0,0.89774695283986,1414.13,4419,0.73,0.0
556,V-SA,REGIONFROM,SA1,ENERGY,1,-851,2230,-843.0,16.0,-1.2559496584781398,1414.13,4419,0.73,0.0
557,V-SA,REGIONTO,VIC1,ENERGY,1,-851,2230,-843.0,16.0,0.90533368796014,4615.58,4421,0.73,0.0
558,V-SA,REGIONFROM,SA1,ENERGY,2,-835,2231,-827.5,15.0,-1.25132906507814,1414.13,4419,0.73,0.0
559,V-SA,REGIONTO,VIC1,ENERGY,2,-835,2231,-827.5,15.0,0.90704267456014,4615.58,4421,0.73,0.0
560,V-SA,REGIONFROM,SA1,ENERGY,3,-820,2232,-812.5,15.0,-1.2468575230781398,1414.13,4419,0.73,0.0
561,V-SA,REGIONTO,VIC1,ENERGY,3,-820,2232,-812.5,15.0,0.90869653256014,4615.58,4421,0.73,0.0
562,V-SA,REGIONFROM,SA1,ENERGY,4,-805,2233,-797.5,15.0,-1.24238598107814,1414.13,4419,0.73,0.0
563,V-SA,REGIONTO,VIC1,ENERGY,4,-805,2233,-797.5,15.0,0.91035039056014,4615.58,4421,0.73,0.0
564,V-SA,REGIONFROM,SA1,ENERGY,5,-790,2234,-782.5,15.0,-1.23791443907814,1414.13,4419,0.73,0.0
565,V-SA,REGIONTO,VIC1,ENERGY,5,-790,2234,-782.5,15.0,0.9120042485601401,4615.58,4421,0.73,0.0
566,V-SA,REGIONFROM,SA1,ENERGY,6,-775,2235,-767.5,15.0,-1.23344289707814,1414.13,4419,0.73,0.0
567,V-SA,REGIONTO,VIC1,ENERGY,6,-775,2235,-767.5,15.0,0.91365810656014,4615.58,4421,0.73,0.0
568,V-SA,REGIONFROM,SA1,ENERGY,7,-760,2236,-752.5,15.0,-1.2289713550781398,1414.13,4419,0.73,0.0
569,V-SA,REGIONTO,VIC1,ENERGY,7,-760,2236,-752.5,15.0,0.9153119645601401,4615.58,4421,0.73,0.0
570,V-SA,REGIONFROM,SA1,ENERGY,8,-745,2237,-737.5,15.0,-1.22449981307814,1414.13,4419,0.73,0.0
571,V-SA,REGIONTO,VIC1,ENERGY,8,-745,2237,-737.5,15.0,0.91696582256014,4615.58,4421,0.73,0.0
572,V-SA,REGIONFROM,SA1,ENERGY,9,-730,2238,-722.5,15.0,-1.22002827107814,1414.13,4419,0.73,0.0
573,V-SA,REGIONTO,VIC1,ENERGY,9,-730,2238,-722.5,15.0,0.91861968056014,4615.58,4421,0.73,0.0
574,V-SA,REGIONFROM,SA1,ENERGY,10,-715,2239,-707.5,15.0,-1.21555672907814,1414.13,4419,0.73,0.0
575,V-SA,REGIONTO,VIC1,ENERGY,10,-715,2239,-707.5,15.0,0.92027353856014,4615.58,4421,0.73,0.0
576,V-SA,REGIONFROM,SA1,ENERGY,11,-700,2240,-692.5,15.0,-1.2110851870781398,1414.13,4419,0.73,0.0
577,V-SA,REGIONTO,VIC1,ENERGY,11,-700,2240,-692.5,15.0,0.92192739656014,4615.58,4421,0.73,0.0
578,V-SA,REGIONFROM,SA1,ENERGY,12,-685,2241,-677.5,15.0,-1.20661364507814,1414.13,4419,0.73,0.0
579,V-SA,REGIONTO,VIC1,ENERGY,12,-685,2241,-677.5,15.0,0.9235812545601401,4615.58,4421,0.73,0.0
580,V-SA,REGIONFROM,SA1,ENERGY,13,-670,2242,-662.5,15.0,-1.20214210307814,1414.13,4419,0.73,0.0
581,V-SA,REGIONTO,VIC1,ENERGY,13,-670,2242,-662.5,15.0,0.92523511256014,4615.58,4421,0.73,0.0
582,V-SA,REGIONFROM,SA1,ENERGY,14,-655,2243,-647.5,15.0,-1.19767056107814,1414.13,4419,0.73,0.0
583,V-SA,REGIONTO,VIC1,ENERGY,14,-655,2243,-647.5,15.0,0.92688897056014,4615.58,4421,0.73,0.0
584,V-SA,REGIONFROM,SA1,ENERGY,15,-640,2244,-632.5,15.0,-1.1931990190781399,1414.13,4419,0.73,0.0
585,V-SA,REGIONTO,VIC1,ENERGY,15,-640,2244,-632.5,15.0,0.92854282856014,4615.58,4421,0.73,0.0
586,V-SA,REGIONFROM,SA1,ENERGY,16,-625,2245,-617.5,15.0,-1.18872747707814,1414.13,4419,0.73,0.0
587,V-SA,REGIONTO,VIC1,ENERGY,16,-625,2245,-617.5,15.0,0.93019668656014,4615.58,4421,0.73,0.0
588,V-SA,REGIONFROM,SA1,ENERGY,17,-610,2246,-602.5,15.0,-1.1842559350781399,1414.13,4419,0.73,0.0
589,V-SA,REGIONTO,VIC1,ENERGY,17,-610,2246,-602.5,15.0,0.93185054456014,4615.58,4421,0.73,0.0
590,V-SA,REGIONFROM,SA1,ENERGY,18,-595,2247,-587.5,15.0,-1.17978439307814,1414.13,4419,0.73,0.0
591,V-SA,REGIONTO,VIC1,ENERGY,18,-595,2247,-587.5,15.0,0.93350440256014,4615.58,4421,0.73,0.0
592,V-SA,REGIONFROM,SA1,ENERGY,19,-580,2248,-572.5,15.0,-1.1753128510781399,1414.13,4419,0.73,0.0
593,V-SA,REGIONTO,VIC1,ENERGY,19,-580,2248,-572.5,15.0,0.9351582605601401,4615.58,4421,0.73,0.0
594,V-SA,REGIONFROM,SA1,ENERGY,20,-565,2249,-557.5,15.0,-1.17084130907814,1414.13,4419,0.73,0.0
595,V-SA,REGIONTO,VIC1,ENERGY,20,-565,2249,-557.5,15.0,0.93681211856014,4615.58,4421,0.73,0.0
596,V-SA,REGIONFROM,SA1,ENERGY,21,-550,2250,-542.5,15.0,-1.1663697670781399,1414.13,4419,0.73,0.0
597,V-SA,REGIONTO,VIC1,ENERGY,21,-550,2250,-542.5,15.0,0.93846597656014,4615.58,4421,0.73,0.0
598,V-SA,REGIONFROM,SA1,ENERGY,22,-535,2251,-527.5,15.0,-1.16189822507814,1414.13,4419,0.73,0.0
599,V-SA,REGIONTO,VIC1,ENERGY,22,-535,2251,-527.5,15.0,0.94011983456014,4615.58,4421,0.73,0.0
600,V-SA,REGIONFROM,SA1,ENERGY,23,-520,2252,-512.5,15.0,-1.15742668307814,1414.13,4419,0.73,0.0
601,V-SA,REGIONTO,VIC1,ENERGY,23,-520,2252,-512.5,15.0,0.94177369256014,4615.58,4421,0.73,0.0
602,V-SA,REGIONFROM,SA1,ENERGY,24,-505,2253,-497.5,15.0,-1.1529551410781398,1414.13,4419,0.73,0.0
603,V-SA,REGIONTO,VIC1,ENERGY,24,-505,2253,-497.5,15.0,0.94342755056014,4615.58,4421,0.73,0.0
604,V-SA,REGIONFROM,SA1,ENERGY,25,-490,2254,-482.5,15.0,-1.14848359907814,1414.13,4419,0.73,0.0
605,V-SA,REGIONTO,VIC1,ENERGY,25,-490,2254,-482.5,15.0,0.94508140856014,4615.58,4421,0.73,0.0
606,V-SA,REGIONFROM,SA1,ENERGY,26,-475,2255,-467.5,15.0,-1.14401205707814,1414.13,4419,0.73,0.0
607,V-SA,REGIONTO,VIC1,ENERGY,26,-475,2255,-467.5,15.0,0.9467352665601401,4615.58,4421,0.73,0.0
608,V-SA,REGIONFROM,SA1,ENERGY,27,-460,2256,-452.5,15.0,-1.13954051507814,1414.13,4419,0.73,0.0
609,V-SA,REGIONTO,VIC1,ENERGY,27,-460,2256,-452.5,15.0,0.94838912456014,4615.58,4421,0.73,0.0
610,V-SA,REGIONFROM,SA1,ENERGY,28,-445,2257,-437.5,15.0,-1.13506897307814,1414.13,4419,0.73,0.0
611,V-SA,REGIONTO,VIC1,ENERGY,28,-445,2257,-437.5,15.0,0.95004298256014,4615.58,4421,0.73,0.0
612,V-SA,REGIONFROM,SA1,ENERGY,29,-430,2258,-422.5,15.0,-1.13059743107814,1414.13,4419,0.73,0.0
613,V-SA,REGIONTO,VIC1,ENERGY,29,-430,2258,-422.5,15.0,0.95169684056014,4615.58,4421,0.73,0.0
614,V-SA,REGIONFROM,SA1,ENERGY,30,-415,2259,-407.5,15.0,-1.12612588907814,1414.13,4419,0.73,0.0
615,V-SA,REGIONTO,VIC1,ENERGY,30,-415,2259,-407.5,15.0,0.95335069856014,4615.58,4421,0.73,0.0
616,V-SA,REGIONFROM,SA1,ENERGY,31,-400,2260,-392.5,15.0,-1.12165434707814,1414.13,4419,0.73,0.0
617,V-SA,REGIONTO,VIC1,ENERGY,31,-400,2260,-392.5,15.0,0.95500455656014,4615.58,4421,0.73,0.0
618,V-SA,REGIONFROM,SA1,ENERGY,32,-385,2261,-377.5,15.0,-1.11718280507814,1414.13,4419,0.73,0.0
619,V-SA,REGIONTO,VIC1,ENERGY,32,-385,2261,-377.5,15.0,0.95665841456014,4615.58,4421,0.73,0.0
620,V-SA,REGIONFROM,SA1,ENERGY,33,-370,2262,-362.5,15.0,-1.11271126307814,1414.13,4419,0.73,0.0
621,V-SA,REGIONTO,VIC1,ENERGY,33,-370,2262,-362.5,15.0,0.9583122725601401,4615.58,4421,0.73,0.0
622,V-SA,REGIONFROM,SA1,ENERGY,34,-355,2263,-347.5,15.0,-1.10823972107814,1414.13,4419,0.73,0.0
623,V-SA,REGIONTO,VIC1,ENERGY,34,-355,2263,-347.5,15.0,0.95996613056014,4615.58,4421,0.73,0.0
624,V-SA,REGIONFROM,SA1,ENERGY,35,-340,2264,-332.5,15.0,-1.10376817907814,1414.13,4419,0.73,0.0
625,V-SA,REGIONTO,VIC1,ENERGY,35,-340,2264,-332.5,15.0,0.96161998856014,4615.58,4421,0.73,0.0
626,V-SA,REGIONFROM,SA1,ENERGY,36,-325,2265,-317.5,15.0,-1.0992966370781398,1414.13,4419,0.73,0.0
627,V-SA,REGIONTO,VIC1,ENERGY,36,-325,2265,-317.5,15.0,0.96327384656014,4615.58,4421,0.73,0.0
628,V-SA,REGIONFROM,SA1,ENERGY,37,-310,2266,-302.5,15.0,-1.09482509507814,1414.13,4419,0.73,0.0
629,V-SA,REGIONTO,VIC1,ENERGY,37,-310,2266,-302.5,15.0,0.96492770456014,4615.58,4421,0.73,0.0
630,V-SA,REGIONFROM,SA1,ENERGY,38,-295,2267,-287.5,15.0,-1.0903535530781399,1414.13,4419,0.73,0.0
631,V-SA,REGIONTO,VIC1,ENERGY,38,-295,2267,-287.5,15.0,0.96658156256014,4615.58,4421,0.73,0.0
632,V-SA,REGIONFROM,SA1,ENERGY,39,-280,2268,-272.5,15.0,-1.08588201107814,1414.13,4419,0.73,0.0
633,V-SA,REGIONTO,VIC1,ENERGY,39,-280,2268,-272.5,15.0,0.96823542056014,4615.58,4421,0.73,0.0
634,V-SA,REGIONFROM,SA1,ENERGY,40,-265,2269,-257.5,15.0,-1.0814104690781399,1414.13,4419,0.73,0.0
635,V-SA,REGIONTO,VIC1,ENERGY,40,-265,2269,-257.5,15.0,0.9698892785601401,4615.58,4421,0.73,0.0
636,V-SA,REGIONFROM,SA1,ENERGY,41,-250,2270,-242.5,15.0,-1.07693892707814,1414.13,4419,0.73,0.0
637,V-SA,REGIONTO,VIC1,ENERGY,41,-250,2270,-242.5,15.0,0.97154313656014,4615.58,4421,0.73,0.0
638,V-SA,REGIONFROM,SA1,ENERGY,42,-235,2271,-227.5,15.0,-1.0724673850781399,1414.13,4419,0.73,0.0
639,V-SA,REGIONTO,VIC1,ENERGY,42,-235,2271,-227.5,15.0,0.97319699456014,4615.58,4421,0.73,0.0
640,V-SA,REGIONFROM,SA1,ENERGY,43,-220,2272,-212.5,15.0,-1.06799584307814,1414.13,4419,0.73,0.0
641,V-SA,REGIONTO,VIC1,ENERGY,43,-220,2272,-212.5,15.0,0.97485085256014,4615.58,4421,0.73,0.0
642,V-SA,REGIONFROM,SA1,ENERGY,44,-205,2273,-197.5,15.0,-1.0635243010781399,1414.13,4419,0.73,0.0
643,V-SA,REGIONTO,VIC1,ENERGY,44,-205,2273,-197.5,15.0,0.97650471056014,4615.58,4421,0.73,0.0
644,V-SA,REGIONFROM,SA1,ENERGY,45,-190,2274,-182.5,15.0,-1.05905275907814,1414.13,4419,0.73,0.0
645,V-SA,REGIONTO,VIC1,ENERGY,45,-190,2274,-182.5,15.0,0.97815856856014,4615.58,4421,0.73,0.0
646,V-SA,REGIONFROM,SA1,ENERGY,46,-175,2275,-167.5,15.0,-1.05458121707814,1414.13,4419,0.73,0.0
647,V-SA,REGIONTO,VIC1,ENERGY,46,-175,2275,-167.5,15.0,0.97981242656014,4615.58,4421,0.73,0.0
648,V-SA,REGIONFROM,SA1,ENERGY,47,-160,2276,-152.5,15.0,-1.05010967507814,1414.13,4419,0.73,0.0
649,V-SA,REGIONTO,VIC1,ENERGY,47,-160,2276,-152.5,15.0,0.9814662845601401,4615.58,4421,0.73,0.0
650,V-SA,REGIONFROM,SA1,ENERGY,48,-145,2277,-137.5,15.0,-1.04563813307814,1414.13,4419,0.73,0.0
651,V-SA,REGIONTO,VIC1,ENERGY,48,-145,2277,-137.5,15.0,0.98312014256014,4615.58,4421,0.73,0.0
652,V-SA,REGIONFROM,SA1,ENERGY,49,-130,2278,-122.5,15.0,-1.04116659107814,1414.13,4419,0.73,0.0
653,V-SA,REGIONTO,VIC1,ENERGY,49,-130,2278,-122.5,15.0,0.98477400056014,4615.58,4421,0.73,0.0
654,V-SA,REGIONFROM,SA1,ENERGY,50,-115,2279,-107.5,15.0,-1.03669504907814,1414.13,4419,0.73,0.0
655,V-SA,REGIONTO,VIC1,ENERGY,50,-115,2279,-107.5,15.0,0.98642785856014,4615.58,4421,0.73,0.0
656,V-SA,REGIONFROM,SA1,ENERGY,51,-100,2280,-92.5,15.0,-1.03222350707814,1414.13,4419,0.73,0.0
657,V-SA,REGIONTO,VIC1,ENERGY,51,-100,2280,-92.5,15.0,0.98808171656014,4615.58,4421,0.73,0.0
658,V-SA,REGIONFROM,SA1,ENERGY,52,-85,2281,-77.5,15.0,-1.02775196507814,1414.13,4419,0.73,0.0
659,V-SA,REGIONTO,VIC1,ENERGY,52,-85,2281,-77.5,15.0,0.98973557456014,4615.58,4421,0.73,0.0
660,V-SA,REGIONFROM,SA1,ENERGY,53,-70,2282,-62.5,15.0,-1.02328042307814,1414.13,4419,0.73,0.0
661,V-SA,REGIONTO,VIC1,ENERGY,53,-70,2282,-62.5,15.0,0.99138943256014,4615.58,4421,0.73,0.0
662,V-SA,REGIONFROM,SA1,ENERGY,54,-55,2283,-47.5,15.0,-1.01880888107814,1414.13,4419,0.73,0.0
663,V-SA,REGIONTO,VIC1,ENERGY,54,-55,2283,-47.5,15.0,0.9930432905601401,4615.58,4421,0.73,0.0
664,V-SA,REGIONFROM,SA1,ENERGY,55,-40,2284,-32.5,15.0,-1.01433733907814,1414.13,4419,0.73,0.0
665,V-SA,REGIONTO,VIC1,ENERGY,55,-40,2284,-32.5,15.0,0.99469714856014,4615.58,4421,0.73,0.0
666,V-SA,REGIONFROM,SA1,ENERGY,56,-25,2285,-17.5,15.0,-1.00986579707814,1414.13,4419,0.73,0.0
667,V-SA,REGIONTO,VIC1,ENERGY,56,-25,2285,-17.5,15.0,0.99635100656014,4615.58,4421,0.73,0.0
668,V-SA,REGIONFROM,SA1,ENERGY,57,-10,2286,-5.0,10.0,-1.00613951207814,1414.13,4419,0.73,0.0
669,V-SA,REGIONTO,VIC1,ENERGY,57,-10,2286,-5.0,10.0,0.99772922156014,4615.58,4421,0.73,0.0
670,VIC1-NSW1,REGIONFROM,VIC1,ENERGY,50,3,2287,1.5,3.0,-1.0010071793172,4615.58,4421,0.35,3.0
671,VIC1-NSW1,REGIONTO,NSW1,ENERGY,50,3,2287,1.5,3.0,0.9981295241252,9331.68,4417,0.35,3.0
672,VIC1-NSW1,REGIONFROM,VIC1,ENERGY,51,50,2288,26.5,47.0,-1.0025202293172,4615.58,4421,0.35,47.0
673,VIC1-NSW1,REGIONTO,NSW1,ENERGY,51,50,2288,26.5,47.0,0.9953195741252001,9331.68,4417,0.35,47.0
674,VIC1-NSW1,REGIONFROM,VIC1,ENERGY,52,97,2289,73.5,47.0,-1.0053647633172,4615.58,4421,0.35,47.0
675,VIC1-NSW1,REGIONTO,NSW1,ENERGY,52,97,2289,73.5,47.0,0.9900368681251999,9331.68,4417,0.35,47.0
676,VIC1-NSW1,REGIONFROM,VIC1,ENERGY,53,144,2290,120.5,47.0,-1.0082092973172,4615.58,4421,0.35,47.0
677,VIC1-NSW1,REGIONTO,NSW1,ENERGY,53,144,2290,120.5,47.0,0.9847541621252,9331.68,4417,0.35,47.0
678,VIC1-NSW1,REGIONFROM,VIC1,ENERGY,54,191,2291,167.5,47.0,-1.0110538313172,4615.58,4421,0.35,47.0
679,VIC1-NSW1,REGIONTO,NSW1,ENERGY,54,191,2291,167.5,47.0,0.9794714561252,9331.68,4417,0.35,47.0
680,VIC1-NSW1,REGIONFROM,VIC1,ENERGY,55,238,2292,214.5,47.0,-1.0138983653172,4615.58,4421,0.35,47.0
681,VIC1-NSW1,REGIONTO,NSW1,ENERGY,55,238,2292,214.5,47.0,0.9741887501252001,9331.68,4417,0.35,47.0
682,VIC1-NSW1,REGIONFROM,VIC1,ENERGY,56,285,2293,261.5,47.0,-1.0167428993172,4615.58,4421,0.35,47.0
683,VIC1-NSW1,REGIONTO,NSW1,ENERGY,56,285,2293,261.5,47.0,0.9689060441252,9331.68,4417,0.35,47.0
684,VIC1-NSW1,REGIONFROM,VIC1,ENERGY,57,332,2294,308.5,47.0,-1.0195874333172,4615.58,4421,0.35,19.039878
685,VIC1-NSW1,REGIONTO,NSW1,ENERGY,57,332,2294,308.5,47.0,0.9636233381252001,9331.68,4417,0.35,19.039878
686,VIC1-NSW1,REGIONFROM,VIC1,ENERGY,58,379,2295,355.5,47.0,-1.0224319673172,4615.58,4421,0.35,0.0
687,VIC1-NSW1,REGIONTO,NSW1,ENERGY,58,379,2295,355.5,47.0,0.9583406321252002,9331.68,4417,0.35,0.0
688,VIC1-NSW1,REGIONFROM,VIC1,ENERGY,59,426,2296,402.5,47.0,-1.0252765013172,4615.58,4421,0.35,0.0
689,VIC1-NSW1,REGIONTO,NSW1,ENERGY,59,426,2296,402.5,47.0,0.9530579261251999,9331.68,4417,0.35,0.0
690,VIC1-NSW1,REGIONFROM,VIC1,ENERGY,60,473,2297,449.5,47.0,-1.0281210353172,4615.58,4421,0.35,0.0
691,VIC1-NSW1,REGIONTO,NSW1,ENERGY,60,473,2297,449.5,47.0,0.9477752201252,9331.68,4417,0.35,0.0
692,VIC1-NSW1,REGIONFROM,VIC1,ENERGY,61,520,2298,496.5,47.0,-1.0309655693172,4615.58,4421,0.35,0.0
693,VIC1-NSW1,REGIONTO,NSW1,ENERGY,61,520,2298,496.5,47.0,0.9424925141252001,9331.68,4417,0.35,0.0
694,VIC1-NSW1,REGIONFROM,VIC1,ENERGY,62,567,2299,543.5,47.0,-1.0338101033172,4615.58,4421,0.35,0.0
695,VIC1-NSW1,REGIONTO,NSW1,ENERGY,62,567,2299,543.5,47.0,0.9372098081251998,9331.68,4417,0.35,0.0
696,VIC1-NSW1,REGIONFROM,VIC1,ENERGY,63,614,2300,590.5,47.0,-1.0366546373172,4615.58,4421,0.35,0.0
697,VIC1-NSW1,REGIONTO,NSW1,ENERGY,63,614,2300,590.5,47.0,0.9319271021251999,9331.68,4417,0.35,0.0
698,VIC1-NSW1,REGIONFROM,VIC1,ENERGY,64,661,2301,637.5,47.0,-1.0394991713172,4615.58,4421,0.35,0.0
699,VIC1-NSW1,REGIONTO,NSW1,ENERGY,64,661,2301,637.5,47.0,0.9266443961252,9331.68,4417,0.35,0.0
700,VIC1-NSW1,REGIONFROM,VIC1,ENERGY,65,708,2302,684.5,47.0,-1.0423437053172,4615.58,4421,0.35,0.0
701,VIC1-NSW1,REGIONTO,NSW1,ENERGY,65,708,2302,684.5,47.0,0.9213616901252001,9331.68,4417,0.35,0.0
702,VIC1-NSW1,REGIONFROM,VIC1,ENERGY,66,755,2303,731.5,47.0,-1.0451882393172,4615.58,4421,0.35,0.0
703,VIC1-NSW1,REGIONTO,NSW1,ENERGY,66,755,2303,731.5,47.0,0.9160789841252,9331.68,4417,0.35,0.0
704,VIC1-NSW1,REGIONFROM,VIC1,ENERGY,67,802,2304,778.5,47.0,-1.0480327733172,4615.58,4421,0.35,0.0
705,VIC1-NSW1,REGIONTO,NSW1,ENERGY,67,802,2304,778.5,47.0,0.9107962781252,9331.68,4417,0.35,0.0
706,VIC1-NSW1,REGIONFROM,VIC1,ENERGY,68,849,2305,825.5,47.0,-1.0508773073172,4615.58,4421,0.35,0.0
707,VIC1-NSW1,REGIONTO,NSW1,ENERGY,68,849,2305,825.5,47.0,0.9055135721252001,9331.68,4417,0.35,0.0
708,VIC1-NSW1,REGIONFROM,VIC1,ENERGY,69,896,2306,872.5,47.0,-1.0537218413172,4615.58,4421,0.35,0.0
709,VIC1-NSW1,REGIONTO,NSW1,ENERGY,69,896,2306,872.5,47.0,0.9002308661251999,9331.68,4417,0.35,0.0
710,VIC1-NSW1,REGIONFROM,VIC1,ENERGY,70,943,2307,919.5,47.0,-1.0565663753172,4615.58,4421,0.35,0.0
711,VIC1-NSW1,REGIONTO,NSW1,ENERGY,70,943,2307,919.5,47.0,0.8949481601252,9331.68,4417,0.35,0.0
712,VIC1-NSW1,REGIONFROM,VIC1,ENERGY,71,990,2308,966.5,47.0,-1.0594109093172,4615.58,4421,0.35,0.0
713,VIC1-NSW1,REGIONTO,NSW1,ENERGY,71,990,2308,966.5,47.0,0.8896654541252,9331.68,4417,0.35,0.0
714,VIC1-NSW1,REGIONFROM,VIC1,ENERGY,72,1037,2309,1013.5,47.0,-1.0622554433172,4615.58,4421,0.35,0.0
715,VIC1-NSW1,REGIONTO,NSW1,ENERGY,72,1037,2309,1013.5,47.0,0.8843827481252001,9331.68,4417,0.35,0.0
716,VIC1-NSW1,REGIONFROM,VIC1,ENERGY,73,1084,2310,1060.5,47.0,-1.0650999773172,4615.58,4421,0.35,0.0
717,VIC1-NSW1,REGIONTO,NSW1,ENERGY,73,1084,2310,1060.5,47.0,0.8791000421252,9331.68,4417,0.35,0.0
718,VIC1-NSW1,REGIONFROM,VIC1,ENERGY,74,1131,2311,1107.5,47.0,-1.0679445113172,4615.58,4421,0.35,0.0
719,VIC1-NSW1,REGIONTO,NSW1,ENERGY,74,1131,2311,1107.5,47.0,0.8738173361252,9331.68,4417,0.35,0.0
720,VIC1-NSW1,REGIONFROM,VIC1,ENERGY,75,1178,2312,1154.5,47.0,-1.0707890453172,4615.58,4421,0.35,0.0
721,VIC1-NSW1,REGIONTO,NSW1,ENERGY,75,1178,2312,1154.5,47.0,0.8685346301252002,9331.68,4417,0.35,0.0
722,VIC1-NSW1,REGIONFROM,VIC1,ENERGY,76,1225,2313,1201.5,47.0,-1.0736335793172,4615.58,4421,0.35,0.0
723,VIC1-NSW1,REGIONTO,NSW1,ENERGY,76,1225,2313,1201.5,47.0,0.8632519241251999,9331.68,4417,0.35,0.0
724,VIC1-NSW1,REGIONFROM,VIC1,ENERGY,77,1272,2314,1248.5,47.0,-1.0764781133172,4615.58,4421,0.35,0.0
725,VIC1-NSW1,REGIONTO,NSW1,ENERGY,77,1272,2314,1248.5,47.0,0.8579692181252,9331.68,4417,0.35,0.0
726,VIC1-NSW1,REGIONFROM,VIC1,ENERGY,78,1319,2315,1295.5,47.0,-1.0793226473172,4615.58,4421,0.35,0.0
727,VIC1-NSW1,REGIONTO,NSW1,ENERGY,78,1319,2315,1295.5,47.0,0.8526865121252001,9331.68,4417,0.35,0.0
728,VIC1-NSW1,REGIONFROM,VIC1,ENERGY,79,1366,2316,1342.5,47.0,-1.0821671813172,4615.58,4421,0.35,0.0
729,VIC1-NSW1,REGIONTO,NSW1,ENERGY,79,1366,2316,1342.5,47.0,0.8474038061251998,9331.68,4417,0.35,0.0
730,VIC1-NSW1,REGIONFROM,VIC1,ENERGY,80,1413,2317,1389.5,47.0,-1.0850117153172,4615.58,4421,0.35,0.0
731,VIC1-NSW1,REGIONTO,NSW1,ENERGY,80,1413,2317,1389.5,47.0,0.8421211001251999,9331.68,4417,0.35,0.0
732,VIC1-NSW1,REGIONFROM,VIC1,ENERGY,81,1460,2318,1436.5,47.0,-1.0878562493172,4615.58,4421,0.35,0.0
733,VIC1-NSW1,REGIONTO,NSW1,ENERGY,81,1460,2318,1436.5,47.0,0.8368383941252,9331.68,4417,0.35,0.0
734,VIC1-NSW1,REGIONFROM,VIC1,ENERGY,82,1507,2319,1483.5,47.0,-1.0907007833172,4615.58,4421,0.35,0.0
735,VIC1-NSW1,REGIONTO,NSW1,ENERGY,82,1507,2319,1483.5,47.0,0.8315556881252001,9331.68,4417,0.35,0.0
736,VIC1-NSW1,REGIONFROM,VIC1,ENERGY,83,1554,2320,1530.5,47.0,-1.0935453173172,4615.58,4421,0.35,0.0
737,VIC1-NSW1,REGIONTO,NSW1,ENERGY,83,1554,2320,1530.5,47.0,0.8262729821252,9331.68,4417,0.35,0.0
738,VIC1-NSW1,REGIONFROM,VIC1,ENERGY,84,1601,2321,1577.5,47.0,-1.0963898513172,4615.58,4421,0.35,0.0
739,VIC1-NSW1,REGIONTO,NSW1,ENERGY,84,1601,2321,1577.5,47.0,0.8209902761252,9331.68,4417,0.35,0.0
740,VIC1-NSW1,REGIONFROM,VIC1,ENERGY,85,1648,2322,1624.5,47.0,-1.0992343853172,4615.58,4421,0.35,0.0
741,VIC1-NSW1,REGIONTO,NSW1,ENERGY,85,1648,2322,1624.5,47.0,0.8157075701252001,9331.68,4417,0.35,0.0
742,VIC1-NSW1,REGIONFROM,VIC1,ENERGY,86,1695,2323,1671.5,47.0,-1.1020789193172,4615.58,4421,0.35,0.0
743,VIC1-NSW1,REGIONTO,NSW1,ENERGY,86,1695,2323,1671.5,47.0,0.8104248641251999,9331.68,4417,0.35,0.0
744,VIC1-NSW1,REGIONFROM,VIC1,ENERGY,87,1742,2324,1718.5,47.0,-1.1049234533172,4615.58,4421,0.35,0.0
745,VIC1-NSW1,REGIONTO,NSW1,ENERGY,87,1742,2324,1718.5,47.0,0.8051421581252,9331.68,4417,0.35,0.0
746,VIC1-NSW1,REGIONFROM,VIC1,ENERGY,88,1789,2325,1765.5,47.0,-1.1077679873172,4615.58,4421,0.35,0.0
747,VIC1-NSW1,REGIONTO,NSW1,ENERGY,88,1789,2325,1765.5,47.0,0.7998594521252,9331.68,4417,0.35,0.0
748,VIC1-NSW1,REGIONFROM,VIC1,ENERGY,89,1836,2326,1812.5,47.0,-1.1106125213172,4615.58,4421,0.35,0.0
749,VIC1-NSW1,REGIONTO,NSW1,ENERGY,89,1836,2326,1812.5,47.0,0.7945767461252001,9331.68,4417,0.35,0.0
750,VIC1-NSW1,REGIONFROM,VIC1,ENERGY,90,1883,2327,1859.5,47.0,-1.1134570553172,4615.58,4421,0.35,0.0
751,VIC1-NSW1,REGIONTO,NSW1,ENERGY,90,1883,2327,1859.5,47.0,0.7892940401252,9331.68,4417,0.35,0.0
752,VIC1-NSW1,REGIONFROM,VIC1,ENERGY,91,1930,2328,1906.5,47.0,-1.1163015893172,4615.58,4421,0.35,0.0
753,VIC1-NSW1,REGIONTO,NSW1,ENERGY,91,1930,2328,1906.5,47.0,0.7840113341252,9331.68,4417,0.35,0.0
754,VIC1-NSW1,REGIONFROM,VIC1,ENERGY,92,1977,2329,1953.5,47.0,-1.1191461233172,4615.58,4421,0.35,0.0
755,VIC1-NSW1,REGIONTO,NSW1,ENERGY,92,1977,2329,1953.5,47.0,0.7787286281252002,9331.68,4417,0.35,0.0
756,VIC1-NSW1,REGIONFROM,VIC1,ENERGY,93,2024,2330,2000.5,47.0,-1.1219906573172,4615.58,4421,0.35,0.0
757,VIC1-NSW1,REGIONTO,NSW1,ENERGY,93,2024,2330,2000.5,47.0,0.7734459221251999,9331.68,4417,0.35,0.0
758,VIC1-NSW1,REGIONFROM,VIC1,ENERGY,94,2071,2331,2047.5,47.0,-1.1248351913172,4615.58,4421,0.35,0.0
759,VIC1-NSW1,REGIONTO,NSW1,ENERGY,94,2071,2331,2047.5,47.0,0.7681632161252,9331.68,4417,0.35,0.0
760,VIC1-NSW1,REGIONFROM,VIC1,ENERGY,95,2118,2332,2094.5,47.0,-1.1276797253172,4615.58,4421,0.35,0.0
761,VIC1-NSW1,REGIONTO,NSW1,ENERGY,95,2118,2332,2094.5,47.0,0.7628805101252001,9331.68,4417,0.35,0.0
762,VIC1-NSW1,REGIONFROM,VIC1,ENERGY,96,2165,2333,2141.5,47.0,-1.1305242593172,4615.58,4421,0.35,0.0
763,VIC1-NSW1,REGIONTO,NSW1,ENERGY,96,2165,2333,2141.5,47.0,0.7575978041251998,9331.68,4417,0.35,0.0
764,VIC1-NSW1,REGIONFROM,VIC1,ENERGY,97,2212,2334,2188.5,47.0,-1.1333687933172,4615.58,4421,0.35,0.0
765,VIC1-NSW1,REGIONTO,NSW1,ENERGY,97,2212,2334,2188.5,47.0,0.7523150981251999,9331.68,4417,0.35,0.0
766,VIC1-NSW1,REGIONFROM,VIC1,ENERGY,98,2259,2335,2235.5,47.0,-1.1362133273172,4615.58,4421,0.35,0.0
767,VIC1-NSW1,REGIONTO,NSW1,ENERGY,98,2259,2335,2235.5,47.0,0.7470323921252,9331.68,4417,0.35,0.0
768,VIC1-NSW1,REGIONFROM,VIC1,ENERGY,99,2306,2336,2282.5,47.0,-1.1390578613172,4615.58,4421,0.35,0.0
769,VIC1-NSW1,REGIONTO,NSW1,ENERGY,99,2306,2336,2282.5,47.0,0.7417496861252002,9331.68,4417,0.35,0.0
770,VIC1-NSW1,REGIONFROM,VIC1,ENERGY,100,2353,2337,2329.5,47.0,-1.1419023953172,4615.58,4421,0.35,0.0
771,VIC1-NSW1,REGIONTO,NSW1,ENERGY,100,2353,2337,2329.5,47.0,0.7364669801252,9331.68,4417,0.35,0.0
772,VIC1-NSW1,REGIONFROM,VIC1,ENERGY,101,2400,2338,2376.5,47.0,-1.1447469293172,4615.58,4421,0.35,0.0
773,VIC1-NSW1,REGIONTO,NSW1,ENERGY,101,2400,2338,2376.5,47.0,0.7311842741251999,9331.68,4417,0.35,0.0
774,VIC1-NSW1,REGIONFROM,NSW1,ENERGY,1,-2300,2339,-2276.5,47.0,-1.1368619366828,9331.68,4417,0.35,0.0
775,VIC1-NSW1,REGIONTO,VIC1,ENERGY,1,-2300,2339,-2276.5,47.0,0.7458278318748,4615.58,4421,0.35,0.0
776,VIC1-NSW1,REGIONFROM,NSW1,ENERGY,2,-2253,2340,-2229.5,47.0,-1.1340174026828,9331.68,4417,0.35,0.0
777,VIC1-NSW1,REGIONTO,VIC1,ENERGY,2,-2253,2340,-2229.5,47.0,0.7511105378748001,4615.58,4421,0.35,0.0
778,VIC1-NSW1,REGIONFROM,NSW1,ENERGY,3,-2206,2341,-2182.5,47.0,-1.1311728686828,9331.68,4417,0.35,0.0
779,VIC1-NSW1,REGIONTO,VIC1,ENERGY,3,-2206,2341,-2182.5,47.0,0.7563932438748001,4615.58,4421,0.35,0.0
780,VIC1-NSW1,REGIONFROM,NSW1,ENERGY,4,-2159,2342,-2135.5,47.0,-1.1283283346828,9331.68,4417,0.35,0.0
781,VIC1-NSW1,REGIONTO,VIC1,ENERGY,4,-2159,2342,-2135.5,47.0,0.7616759498748,4615.58,4421,0.35,0.0
782,VIC1-NSW1,REGIONFROM,NSW1,ENERGY,5,-2112,2343,-2088.5,47.0,-1.1254838006828,9331.68,4417,0.35,0.0
783,VIC1-NSW1,REGIONTO,VIC1,ENERGY,5,-2112,2343,-2088.5,47.0,0.7669586558748,4615.58,4421,0.35,0.0
784,VIC1-NSW1,REGIONFROM,NSW1,ENERGY,6,-2065,2344,-2041.5,47.0,-1.1226392666828,9331.68,4417,0.35,0.0
785,VIC1-NSW1,REGIONTO,VIC1,ENERGY,6,-2065,2344,-2041.5,47.0,0.7722413618748001,4615.58,4421,0.35,0.0
786,VIC1-NSW1,REGIONFROM,NSW1,ENERGY,7,-2018,2345,-1994.5,47.0,-1.1197947326828,9331.68,4417,0.35,0.0
787,VIC1-NSW1,REGIONTO,VIC1,ENERGY,7,-2018,2345,-1994.5,47.0,0.7775240678748001,4615.58,4421,0.35,0.0
788,VIC1-NSW1,REGIONFROM,NSW1,ENERGY,8,-1971,2346,-1947.5,47.0,-1.1169501986827999,9331.68,4417,0.35,0.0
789,VIC1-NSW1,REGIONTO,VIC1,ENERGY,8,-1971,2346,-1947.5,47.0,0.7828067738748,4615.58,4421,0.35,0.0
790,VIC1-NSW1,REGIONFROM,NSW1,ENERGY,9,-1924,2347,-1900.5,47.0,-1.1141056646828,9331.68,4417,0.35,0.0
791,VIC1-NSW1,REGIONTO,VIC1,ENERGY,9,-1924,2347,-1900.5,47.0,0.7880894798748,4615.58,4421,0.35,0.0
792,VIC1-NSW1,REGIONFROM,NSW1,ENERGY,10,-1877,2348,-1853.5,47.0,-1.1112611306828,9331.68,4417,0.35,0.0
793,VIC1-NSW1,REGIONTO,VIC1,ENERGY,10,-1877,2348,-1853.5,47.0,0.7933721858748001,4615.58,4421,0.35,0.0
794,VIC1-NSW1,REGIONFROM,NSW1,ENERGY,11,-1830,2349,-1806.5,47.0,-1.1084165966828,9331.68,4417,0.35,0.0
795,VIC1-NSW1,REGIONTO,VIC1,ENERGY,11,-1830,2349,-1806.5,47.0,0.7986548918748,4615.58,4421,0.35,0.0
796,VIC1-NSW1,REGIONFROM,NSW1,ENERGY,12,-1783,2350,-1759.5,47.0,-1.1055720626827998,9331.68,4417,0.35,0.0
797,VIC1-NSW1,REGIONTO,VIC1,ENERGY,12,-1783,2350,-1759.5,47.0,0.8039375978748001,4615.58,4421,0.35,0.0
798,VIC1-NSW1,REGIONFROM,NSW1,ENERGY,13,-1736,2351,-1712.5,47.0,-1.1027275286828,9331.68,4417,0.35,0.0
799,VIC1-NSW1,REGIONTO,VIC1,ENERGY,13,-1736,2351,-1712.5,47.0,0.8092203038748,4615.58,4421,0.35,0.0
800,VIC1-NSW1,REGIONFROM,NSW1,ENERGY,14,-1689,2352,-1665.5,47.0,-1.0998829946828,9331.68,4417,0.35,0.0
801,VIC1-NSW1,REGIONTO,VIC1,ENERGY,14,-1689,2352,-1665.5,47.0,0.8145030098748001,4615.58,4421,0.35,0.0
802,VIC1-NSW1,REGIONFROM,NSW1,ENERGY,15,-1642,2353,-1618.5,47.0,-1.0970384606827999,9331.68,4417,0.35,0.0
803,VIC1-NSW1,REGIONTO,VIC1,ENERGY,15,-1642,2353,-1618.5,47.0,0.8197857158748001,4615.58,4421,0.35,0.0
804,VIC1-NSW1,REGIONFROM,NSW1,ENERGY,16,-1595,2354,-1571.5,47.0,-1.0941939266828,9331.68,4417,0.35,0.0
805,VIC1-NSW1,REGIONTO,VIC1,ENERGY,16,-1595,2354,-1571.5,47.0,0.8250684218748001,4615.58,4421,0.35,0.0
806,VIC1-NSW1,REGIONFROM,NSW1,ENERGY,17,-1548,2355,-1524.5,47.0,-1.0913493926828,9331.68,4417,0.35,0.0
807,VIC1-NSW1,REGIONTO,VIC1,ENERGY,17,-1548,2355,-1524.5,47.0,0.8303511278748,4615.58,4421,0.35,0.0
808,VIC1-NSW1,REGIONFROM,NSW1,ENERGY,18,-1501,2356,-1477.5,47.0,-1.0885048586828,9331.68,4417,0.35,0.0
809,VIC1-NSW1,REGIONTO,VIC1,ENERGY,18,-1501,2356,-1477.5,47.0,0.8356338338748001,4615.58,4421,0.35,0.0
810,VIC1-NSW1,REGIONFROM,NSW1,ENERGY,19,-1454,2357,-1430.5,47.0,-1.0856603246828,9331.68,4417,0.35,0.0
811,VIC1-NSW1,REGIONTO,VIC1,ENERGY,19,-1454,2357,-1430.5,47.0,0.8409165398748001,4615.58,4421,0.35,0.0
812,VIC1-NSW1,REGIONFROM,NSW1,ENERGY,20,-1407,2358,-1383.5,47.0,-1.0828157906828,9331.68,4417,0.35,0.0
813,VIC1-NSW1,REGIONTO,VIC1,ENERGY,20,-1407,2358,-1383.5,47.0,0.8461992458748001,4615.58,4421,0.35,0.0
814,VIC1-NSW1,REGIONFROM,NSW1,ENERGY,21,-1360,2359,-1336.5,47.0,-1.0799712566828,9331.68,4417,0.35,0.0
815,VIC1-NSW1,REGIONTO,VIC1,ENERGY,21,-1360,2359,-1336.5,47.0,0.8514819518748,4615.58,4421,0.35,0.0
816,VIC1-NSW1,REGIONFROM,NSW1,ENERGY,22,-1313,2360,-1289.5,47.0,-1.0771267226828,9331.68,4417,0.35,0.0
817,VIC1-NSW1,REGIONTO,VIC1,ENERGY,22,-1313,2360,-1289.5,47.0,0.8567646578748,4615.58,4421,0.35,0.0
818,VIC1-NSW1,REGIONFROM,NSW1,ENERGY,23,-1266,2361,-1242.5,47.0,-1.0742821886828,9331.68,4417,0.35,0.0
819,VIC1-NSW1,REGIONTO,VIC1,ENERGY,23,-1266,2361,-1242.5,47.0,0.8620473638748001,4615.58,4421,0.35,0.0
820,VIC1-NSW1,REGIONFROM,NSW1,ENERGY,24,-1219,2362,-1195.5,47.0,-1.0714376546828,9331.68,4417,0.35,0.0
821,VIC1-NSW1,REGIONTO,VIC1,ENERGY,24,-1219,2362,-1195.5,47.0,0.8673300698748001,4615.58,4421,0.35,0.0
822,VIC1-NSW1,REGIONFROM,NSW1,ENERGY,25,-1172,2363,-1148.5,47.0,-1.0685931206828,9331.68,4417,0.35,0.0
823,VIC1-NSW1,REGIONTO,VIC1,ENERGY,25,-1172,2363,-1148.5,47.0,0.8726127758748,4615.58,4421,0.35,0.0
824,VIC1-NSW1,REGIONFROM,NSW1,ENERGY,26,-1125,2364,-1101.5,47.0,-1.0657485866828,9331.68,4417,0.35,0.0
825,VIC1-NSW1,REGIONTO,VIC1,ENERGY,26,-1125,2364,-1101.5,47.0,0.8778954818748,4615.58,4421,0.35,0.0
826,VIC1-NSW1,REGIONFROM,NSW1,ENERGY,27,-1078,2365,-1054.5,47.0,-1.0629040526828,9331.68,4417,0.35,0.0
827,VIC1-NSW1,REGIONTO,VIC1,ENERGY,27,-1078,2365,-1054.5,47.0,0.8831781878748001,4615.58,4421,0.35,0.0
828,VIC1-NSW1,REGIONFROM,NSW1,ENERGY,28,-1031,2366,-1007.5,47.0,-1.0600595186828,9331.68,4417,0.35,0.0
829,VIC1-NSW1,REGIONTO,VIC1,ENERGY,28,-1031,2366,-1007.5,47.0,0.8884608938748001,4615.58,4421,0.35,0.0
830,VIC1-NSW1,REGIONFROM,NSW1,ENERGY,29,-984,2367,-960.5,47.0,-1.0572149846828,9331.68,4417,0.35,0.0
831,VIC1-NSW1,REGIONTO,VIC1,ENERGY,29,-984,2367,-960.5,47.0,0.8937435998748,4615.58,4421,0.35,0.0
832,VIC1-NSW1,REGIONFROM,NSW1,ENERGY,30,-937,2368,-913.5,47.0,-1.0543704506828,9331.68,4417,0.35,0.0
833,VIC1-NSW1,REGIONTO,VIC1,ENERGY,30,-937,2368,-913.5,47.0,0.8990263058748,4615.58,4421,0.35,0.0
834,VIC1-NSW1,REGIONFROM,NSW1,ENERGY,31,-890,2369,-866.5,47.0,-1.0515259166828,9331.68,4417,0.35,0.0
835,VIC1-NSW1,REGIONTO,VIC1,ENERGY,31,-890,2369,-866.5,47.0,0.9043090118748001,4615.58,4421,0.35,0.0
836,VIC1-NSW1,REGIONFROM,NSW1,ENERGY,32,-843,2370,-819.5,47.0,-1.0486813826827999,9331.68,4417,0.35,0.0
837,VIC1-NSW1,REGIONTO,VIC1,ENERGY,32,-843,2370,-819.5,47.0,0.9095917178748001,4615.58,4421,0.35,0.0
838,VIC1-NSW1,REGIONFROM,NSW1,ENERGY,33,-796,2371,-772.5,47.0,-1.0458368486828,9331.68,4417,0.35,0.0
839,VIC1-NSW1,REGIONTO,VIC1,ENERGY,33,-796,2371,-772.5,47.0,0.9148744238748001,4615.58,4421,0.35,0.0
840,VIC1-NSW1,REGIONFROM,NSW1,ENERGY,34,-749,2372,-725.5,47.0,-1.0429923146828,9331.68,4417,0.35,0.0
841,VIC1-NSW1,REGIONTO,VIC1,ENERGY,34,-749,2372,-725.5,47.0,0.9201571298748,4615.58,4421,0.35,0.0
842,VIC1-NSW1,REGIONFROM,NSW1,ENERGY,35,-702,2373,-678.5,47.0,-1.0401477806828,9331.68,4417,0.35,0.0
843,VIC1-NSW1,REGIONTO,VIC1,ENERGY,35,-702,2373,-678.5,47.0,0.9254398358748,4615.58,4421,0.35,0.0
844,VIC1-NSW1,REGIONFROM,NSW1,ENERGY,36,-655,2374,-631.5,47.0,-1.0373032466828,9331.68,4417,0.35,0.0
845,VIC1-NSW1,REGIONTO,VIC1,ENERGY,36,-655,2374,-631.5,47.0,0.9307225418748001,4615.58,4421,0.35,0.0
846,VIC1-NSW1,REGIONFROM,NSW1,ENERGY,37,-608,2375,-584.5,47.0,-1.0344587126828,9331.68,4417,0.35,0.0
847,VIC1-NSW1,REGIONTO,VIC1,ENERGY,37,-608,2375,-584.5,47.0,0.9360052478748001,4615.58,4421,0.35,0.0
848,VIC1-NSW1,REGIONFROM,NSW1,ENERGY,38,-561,2376,-537.5,47.0,-1.0316141786828,9331.68,4417,0.35,0.0
849,VIC1-NSW1,REGIONTO,VIC1,ENERGY,38,-561,2376,-537.5,47.0,0.9412879538748,4615.58,4421,0.35,0.0
850,VIC1-NSW1,REGIONFROM,NSW1,ENERGY,39,-514,2377,-490.5,47.0,-1.0287696446828,9331.68,4417,0.35,0.0
851,VIC1-NSW1,REGIONTO,VIC1,ENERGY,39,-514,2377,-490.5,47.0,0.9465706598747999,4615.58,4421,0.35,0.0
852,VIC1-NSW1,REGIONFROM,NSW1,ENERGY,40,-467,2378,-443.5,47.0,-1.0259251106828,9331.68,4417,0.35,0.0
853,VIC1-NSW1,REGIONTO,VIC1,ENERGY,40,-467,2378,-443.5,47.0,0.9518533658748,4615.58,4421,0.35,0.0
854,VIC1-NSW1,REGIONFROM,NSW1,ENERGY,41,-420,2379,-396.5,47.0,-1.0230805766828,9331.68,4417,0.35,0.0
855,VIC1-NSW1,REGIONTO,VIC1,ENERGY,41,-420,2379,-396.5,47.0,0.9571360718748,4615.58,4421,0.35,0.0
856,VIC1-NSW1,REGIONFROM,NSW1,ENERGY,42,-373,2380,-349.5,47.0,-1.0202360426828,9331.68,4417,0.35,0.0
857,VIC1-NSW1,REGIONTO,VIC1,ENERGY,42,-373,2380,-349.5,47.0,0.9624187778747999,4615.58,4421,0.35,0.0
858,VIC1-NSW1,REGIONFROM,NSW1,ENERGY,43,-326,2381,-302.5,47.0,-1.0173915086828,9331.68,4417,0.35,0.0
859,VIC1-NSW1,REGIONTO,VIC1,ENERGY,43,-326,2381,-302.5,47.0,0.9677014838748,4615.58,4421,0.35,0.0
860,VIC1-NSW1,REGIONFROM,NSW1,ENERGY,44,-279,2382,-255.5,47.0,-1.0145469746828,9331.68,4417,0.35,0.0
861,VIC1-NSW1,REGIONTO,VIC1,ENERGY,44,-279,2382,-255.5,47.0,0.9729841898748,4615.58,4421,0.35,0.0
862,VIC1-NSW1,REGIONFROM,NSW1,ENERGY,45,-232,2383,-208.5,47.0,-1.0117024406828,9331.68,4417,0.35,0.0
863,VIC1-NSW1,REGIONTO,VIC1,ENERGY,45,-232,2383,-208.5,47.0,0.9782668958748,4615.58,4421,0.35,0.0
864,VIC1-NSW1,REGIONFROM,NSW1,ENERGY,46,-185,2384,-161.5,47.0,-1.0088579066828,9331.68,4417,0.35,0.0
865,VIC1-NSW1,REGIONTO,VIC1,ENERGY,46,-185,2384,-161.5,47.0,0.9835496018748,4615.58,4421,0.35,0.0
866,VIC1-NSW1,REGIONFROM,NSW1,ENERGY,47,-138,2385,-114.5,47.0,-1.0060133726828,9331.68,4417,0.35,0.0
867,VIC1-NSW1,REGIONTO,VIC1,ENERGY,47,-138,2385,-114.5,47.0,0.9888323078747999,4615.58,4421,0.35,0.0
868,VIC1-NSW1,REGIONFROM,NSW1,ENERGY,48,-91,2386,-67.5,47.0,-1.0031688386828,9331.68,4417,0.35,0.0
869,VIC1-NSW1,REGIONTO,VIC1,ENERGY,48,-91,2386,-67.5,47.0,0.9941150138748001,4615.58,4421,0.35,0.0
870,VIC1-NSW1,REGIONFROM,NSW1,ENERGY,49,-44,2387,-22.0,44.0,-1.0004150876828,9331.68,4417,0.35,0.0
871,VIC1-NSW1,REGIONTO,VIC1,ENERGY,49,-44,2387,-22.0,44.0,0.9992291228747999,4615.58,4421,0.35,0.0
